902,9150000-9159999
902,9440000-9449999
902,9480000-9499999
904,8990000-8999999
908,0300000-0349999
902,5500000-5529999
950,9670000-9689999
901,2400000-2419999
902,9100000-9149999
902,9160000-9299999
902,9400000-9439999
902,9450000-9479999
902,9900000-9929999
953,8300000-8569999
902,9560000-9829999
901,1110000-1119999
901,6460000-6469999
901,9110000-9119999
953,5800000-5999999
950,4000000-4099999
904,8900000-8989999
908,0100000-0269999
908,2000000-2249999
950,9700000-9999999
950,4100000-4399999
902,9500000-9529999
903,3100000-3129999
903,3500000-3569999
905,0000000-0079999
905,1800000-1819999
905,3070000-3099999
905,3500000-3599999
967,7400000-7509999
967,7300000-7399999
967,7880000-7899999
964,9500000-9659999
965,6400000-6699999
961,0380000-0519999
965,9200000-9499999
967,4500000-4549999
967,4550000-4599999
963,1300000-1449999
962,5190000-5479999
961,3490000-3499999
961,3550000-3729999
963,8990000-9099999
963,8900000-8989999
906,1000000-1099999
906,3700000-3779999
909,3450000-3539999
960,3800000-3999999
960,8000000-8079999
963,2350000-2389999
901,6210000-6219999
901,6470000-6479999
901,6230000-6259999
962,3600000-3699999
963,7200000-7299999
963,7600000-7699999
963,9200000-9299999
963,9600000-9799999
963,9900000-9999999
903,0000000-0199999
969,0100000-0999999
968,3100000-3199999
969,1000000-1999999
969,2000000-2999999
969,3000000-3399999
969,3400000-3499999
969,0000000-0089999
968,8000000-8349999
968,8350000-8999999
968,3200000-3399999
966,0000000-0999999
966,1000000-1999999
966,3000000-3999999
968,9000000-9999999
968,6000000-7999999
968,4000000-5999999
968,3500000-3999999
968,3400000-3499999
968,0000000-0999999
964,7600000-7999999
965,1000000-1999999
965,2000000-2499999
965,2500000-4499999
962,9000000-9999999
967,0000000-2999999
963,7140000-7199999
963,7510000-7599999
964,5000000-5399999
964,5500000-5999999
964,6200000-6499999
964,7000000-7299999
909,6200000-6999999
909,9000000-9999999
963,6000000-6999999
963,7100000-7139999
963,7500000-7509999
963,7700000-7899999
903,9600000-9799999
905,5000000-5999999
905,7000000-7999999
906,0000000-0999999
906,7000000-7999999
909,1500000-1699999
903,1000000-2999999
903,3630000-3639999
903,5000000-5999999
903,6100000-6299999
903,6600000-6899999
903,7000000-7999999
910,5000000-5099999
910,5600000-5799999
910,6100000-6399999
910,6410000-6459999
910,9000000-9099999
915,5900000-6299999
980,5000000-5049999
980,5600000-5699999
910,0121000-0129999
980,5050000-5099999
902,2410000-2439999
902,3150000-3199999
902,7460000-7479999
908,5600000-5699999
950,8880000-8899999
902,0100000-0149999
950,3020000-3079999
952,7450000-7499999
953,2550000-2599999
950,9640000-9669999
902,4670000-4689999
902,9960000-9969999
908,3250000-3279999
950,9600000-9619999
962,1000000-1299999
962,1520000-1549999
962,4140000-4179999
962,4190000-4199999
962,5800000-5819999
963,2890000-2899999
964,0780000-0799999
952,8100000-8799999
902,4030000-4089999
908,6700000-6939999
953,0690000-1189999
900,2290000-2989999
900,0000000-0099999
919,2800000-2899999
980,3200000-3299999
980,3700000-3799999
910,3600000-3699999
919,2200000-2299999
910,2200000-2299999
919,4300000-4399999
980,5200000-5299999
910,0230000-0239999
910,0300000-0309999
980,3800000-3899999
980,3900000-3949999
910,7410000-7419999
910,7450000-7459999
910,7360000-7379999
910,3200000-3299999
915,5200000-5299999
915,5600000-5799999
911,0700000-0749999
911,4500000-4999999
911,8500000-8699999
981,4500000-4599999
981,4600000-4699999
981,4700000-4799999
981,4800000-4899999
988,3100000-3119999
988,3130000-3249999
988,3260000-3299999
988,3700000-3789999
988,4600000-4639999
988,9660000-9669999
989,0800000-1299999
978,0000000-0999999
978,7000000-8999999
978,1000000-1499999
988,6230000-6239999
989,7600000-7799999
989,8000000-8599999
989,1950000-2999999
989,0000000-0199999
989,0200000-0349999
988,5580000-5599999
988,6030000-6049999
988,6670000-6739999
988,9540000-9579999
988,1300000-1399999
988,6200000-6219999
988,7690000-7699999
988,7700000-7709999
988,9530000-9539999
988,4870000-4899999
988,5200000-5229999
988,5240000-5299999
988,6220000-6229999
988,6520000-6529999
988,6660000-6669999
988,6740000-6749999
988,7620000-7629999
988,7650000-7659999
988,4860000-4869999
988,5090000-5099999
988,5230000-5239999
988,5570000-5579999
988,5940000-5949999
988,6020000-6029999
988,3360000-3369999
988,3530000-3539999
988,3790000-3799999
988,3820000-3829999
988,4640000-4649999
988,4730000-4739999
988,4700000-4729999
918,6200000-6999999
988,4250000-4259999
988,2400000-2499999
988,3120000-3129999
988,3250000-3259999
918,4100000-4199999
988,3300000-3359999
988,3370000-3529999
988,3540000-3699999
988,3800000-3819999
988,3830000-3899999
918,1200000-1299999
988,1400000-1699999
988,4000000-4099999
918,1300000-1999999
918,2100000-2199999
918,3100000-3999999
918,4300000-4999999
918,9300000-9999999
918,0100000-0999999
918,2300000-2999999
988,8800000-8899999
918,1100000-1199999
951,3440000-3469999
910,2500000-2599999
910,3500000-3599999
910,7390000-7399999
910,7420000-7429999
915,5500000-5599999
915,8500000-8599999
980,2600000-2699999
919,2500000-2599999
980,3500000-3599999
919,1600000-1699999
980,2500000-2539999
910,0250000-0299999
910,0540000-0569999
963,7000000-7099999
963,9800000-9899999
963,5800000-5999999
964,0600000-0749999
963,3950000-3979999
960,4400000-4419999
962,6540000-6589999
965,9500000-9699999
964,0750000-0759999
967,9480000-9569999
967,4880000-4929999
911,0650000-0699999
911,6500000-6549999
981,6500000-6549999
981,5000000-5099999
911,5400000-5499999
904,7240000-7259999
902,7130000-7139999
908,3700000-3729999
988,3900000-3999999
987,6400000-6599999
988,4900000-4999999
917,3300000-3399999
917,6400000-6499999
917,7200000-7299999
988,9700000-9899999
988,9590000-9649999
988,0000000-0599999
989,6000000-6099999
989,5700000-5999999
917,8300000-8499999
919,5400000-5499999
919,7900000-7999999
919,9800000-9899999
988,9650000-9659999
988,9670000-9699999
987,7000000-7099999
917,0700000-0719999
917,7000000-7199999
987,7100000-7199999
987,7200000-7279999
987,7280000-7329999
919,4120000-4199999
987,7330000-7349999
964,4550000-4599999
964,2380000-2399999
964,2360000-2379999
914,6400000-6499999
914,7400000-7699999
914,0830000-0999999
984,1800000-1849999
984,1300000-1399999
914,8700000-9599999
983,4000000-4199999
914,0000000-0149999
983,2400000-2499999
983,4400000-4499999
983,4600000-4699999
983,6900000-6999999
984,2700000-2799999
914,0650000-0799999
914,6500000-7399999
914,7900000-7999999
914,9600000-9799999
914,3200000-3399999
914,3400000-3499999
984,1900000-1999999
984,1880000-1899999
984,1500000-1599999
984,1400000-1499999
984,2000000-2149999
984,2200000-2299999
914,6300000-6399999
914,8300000-8499999
914,9800000-9899999
983,4200000-4299999
983,4300000-4399999
914,0500000-0599999
983,5300000-5399999
983,4500000-4599999
983,6300000-6399999
983,3300000-3399999
914,8500000-8699999
914,0300000-0399999
914,6200000-6299999
914,7800000-7899999
914,0200000-0299999
914,9900000-9999999
984,1600000-1699999
914,8100000-8199999
914,0150000-0199999
984,1250000-1299999
914,0800000-0829999
914,5330000-5379999
964,4800000-4819999
968,1400000-1419999
964,4300000-4549999
968,1650000-1689999
963,8360000-8399999
963,9400000-9419999
962,3330000-3399999
967,9570000-9599999
904,6200000-6299999
908,4400000-4649999
953,2000000-2299999
968,1730000-1799999
908,9600000-9999999
968,1690000-1699999
902,5530000-5579999
902,5200000-5299999
902,5590000-5599999
951,0000000-0299999
968,1300000-1319999
968,1390000-1399999
963,5150000-5169999
968,1420000-1439999
966,2700000-2939999
902,0500000-0799999
967,3860000-3899999
967,7170000-7199999
967,7540000-7549999
967,7510000-7529999
965,6780000-6799999
964,2310000-2319999
964,4750000-4799999
964,8250000-8299999
968,1350000-1389999
964,4000000-4149999
968,1480000-1499999
967,6200000-6219999
913,1400000-1599999
913,6000000-6899999
913,9600000-9799999
913,9880000-9889999
983,1100000-1199999
983,5200000-5299999
983,5600000-5699999
983,6200000-6299999
983,6600000-6600999
983,6611000-6611999
964,4150000-4299999
968,1500000-1529999
964,0760000-0779999
967,6240000-6249999
962,7350000-7399999
967,9100000-9149999
965,6760000-6769999
962,7300000-7329999
962,7330000-7339999
961,8670000-8699999
965,9930000-9989999
968,1620000-1629999
968,1530000-1579999
967,9250000-9299999
968,1610000-1619999
902,3000000-3099999
902,6800000-6899999
902,7800000-7899999
904,7800000-7999999
904,9000000-9299999
908,7200000-7699999
996,0130000-0199999
996,0000000-0099999
951,9000000-9199999
950,3400000-3799999
952,4600000-4799999
953,4100000-4109999
953,4150000-4159999
996,0100000-0109999
904,8500000-8559999
904,2630000-2699999
953,4440000-4479999
953,0200000-0279999
952,1900000-1999999
951,2980000-2999999
951,3570000-3599999
900,3150000-3199999
900,4665000-4714999
996,8000000-8049999
996,8050000-8149999
904,2400000-2449999
908,5500000-5599999
951,8800000-8899999
902,0400000-0499999
953,9750000-9799999
908,5400000-5499999
900,3100000-3149999
953,6300000-6399999
996,2000000-2049999
951,3400000-3439999
902,6660000-6699999
951,0500000-0599999
952,0700000-0799999
953,0280000-0349999
902,2300000-2349999
904,6700000-6799999
904,7600000-7699999
951,0600000-0699999
952,0300000-0499999
904,6600000-6699999
951,8900000-8999999
950,9690000-9699999
953,4120000-4129999
953,9980000-9999999
900,3200000-3299999
996,9000000-9099999
950,3100000-3299999
953,4000000-4099999
953,4900000-4999999
953,4800000-4899999
950,3090000-3099999
950,9450000-9499999
902,2870000-2889999
908,3000000-3099999
952,0200000-0299999
900,3300000-3349999
953,0100000-0199999
996,8500000-8549999
953,4480000-4499999
953,8970000-8999999
951,9970000-9999999
952,3100000-3139999
952,7570000-7599999
902,2500000-2529999
908,2900000-2909999
952,0500000-0599999
952,7900000-7999999
952,1100000-1199999
950,6700000-6799999
900,3450000-3459999
900,3460000-3549999
900,5610000-5709999
988,9000000-9099999
989,9000000-9099999
989,9100000-9199999
989,9200000-9499999
989,1700000-1949999
964,1000000-1299999
964,2100000-2299999
964,2600000-2899999
964,3500000-3599999
964,5400000-5499999
964,6500000-6599999
964,7300000-7599999
964,8000000-8249999
964,2300000-2309999
964,4600000-4749999
968,1600000-1609999
933,3010000-3014999
933,3030000-3049999
933,3100000-3109999
933,1600000-1679999
934,4310000-4319999
938,4000000-4009999
934,1000000-1009999
932,1000000-1009999
938,2000000-2099999
938,1000000-1009999
933,1000000-1009999
938,3000000-3009999
933,2000000-2009999
937,5000000-5009999
932,4000000-4009999
933,3000000-3009999
937,1000000-1009999
937,6000000-6009999
932,2000000-2009999
937,7560000-7569999
930,0690000-0699999
930,7800000-7899999
932,2070000-2079999
930,0310000-0319999
930,7400000-7499999
930,0560000-0569999
930,7000000-7199999
932,2010000-2019999
934,4910000-4919999
934,4610000-4619999
934,4010000-4019999
934,4760000-4769999
934,4410000-4419999
952,9700000-9899999
908,2280000-2299999
952,9000000-9499999
953,7600000-8099999
953,8570000-8969999
951,3600000-3999999
952,8000000-8099999
952,8800000-8999999
953,9100000-9299999
952,1500000-1649999
952,1750000-1849999
923,5900000-5999999
923,5800000-5899999
923,3900000-3999999
929,3120000-3129999
929,3180000-3199999
923,2100000-2109999
923,2120000-2199999
933,3120000-3129999
929,3425000-3429999
929,3445000-3449999
923,0200000-0299999
929,3100000-3109999
929,3900000-3999999
923,6400000-6599999
923,1600000-1699999
929,3220000-3309999
923,5600000-5669999
933,9300000-9359999
923,7778000-7807999
923,7860000-7869999
923,7100000-7299999
923,7900000-7999999
923,7470000-7569999
923,0001000-0099999
923,5680000-5699999
929,3490000-3499999
929,3750000-3799999
929,3430000-3439999
929,3450000-3489999
923,7760000-7769999
929,3110000-3119999
933,3110000-3119999
929,3040000-3059999
923,6600000-6679999
923,4550000-4569999
923,4800000-4999999
923,6000000-6199999
923,5000000-5399999
923,5670000-5679999
929,3500000-3549999
929,3590000-3599999
929,3000000-3004999
929,3400000-3404999
929,3410000-3424999
929,3440000-3444999
923,2700000-2999999
923,5700000-5799999
923,3400000-3429999
923,3440000-3469999
923,3000000-3399999
923,3480000-3799999
933,9940000-9999999
923,5560000-5579999
923,0150000-0199999
933,3300000-3399999
933,3200000-3299999
933,3400000-3419999
999,3120000-3259999
929,3060000-3069999
933,3015000-3019999
929,3550000-3579999
923,7700000-7729999
923,7570000-7599999
923,7820000-7849999
929,3070000-3099999
929,3130000-3139999
929,3200000-3219999
929,3310000-3399999
923,4500000-4549999
923,6680000-6699999
923,2600000-2699999
923,3800000-3899999
929,3140000-3179999
933,3140000-3149999
929,3580000-3589999
923,5580000-5599999
923,0100000-0149999
923,5400000-5559999
923,4600000-4799999
923,6200000-6399999
923,0300000-0349999
923,2200000-2599999
929,3030000-3039999
923,1700000-1999999
929,3800000-3899999
923,1000000-1599999
923,7300000-7469999
923,0000000-0000999
923,0530000-0559999
999,3003000-3097999
999,3305000-3329999
923,7000000-7099999
923,7750000-7759999
923,7870000-7899999
923,7850000-7859999
923,7808000-7819999
923,7770000-7777999
923,2000000-2099999
923,3430000-3439999
923,3470000-3479999
923,2110000-2119999
929,3005000-3009999
929,3405000-3409999
923,6700000-6999999
929,3010000-3019999
929,3600000-3699999
923,4580000-4589999
933,3020000-3029999
923,7600000-7699999
999,3340000-3347999
933,9915000-9939999
923,7730000-7749999
923,0350000-0399999
923,0450000-0499999
922,3940000-3999999
999,3260000-3299999
999,3303000-3304999
929,3020000-3029999
929,3700000-3749999
923,4000000-4499999
923,4590000-4599999
923,4570000-4579999
923,0500000-0529999
925,1010000-1069999
925,1080000-1089999
925,1300000-1309999
925,1360000-1369999
925,1390000-1399999
925,2200000-2209999
925,6470000-6629999
925,6660000-6969999
999,6605000-6654999
999,6655000-6659999
999,6903000-6909999
999,7403000-7409999
999,7653000-7687999
925,6430000-6459999
999,2803000-2847999
999,2853000-2899999
999,2903000-2947999
999,3348000-3397999
999,5903000-5999999
999,6580000-6599999
999,5503000-5589999
999,5717000-5809999
999,0103000-0199999
999,0989000-0999999
999,2302000-2302999
999,2763000-2799999
999,3403000-3499999
999,3503000-3597999
999,3603000-3784999
999,3803000-3979999
999,5003000-5097999
999,5403000-5472999
925,5860000-5889999
925,5900000-6419999
925,9000000-9199999
925,9230000-9489999
936,0000000-0009999
936,7770000-7779999
925,5190000-5319999
925,5550000-5559999
925,4900000-4999999
925,5460000-5549999
925,5560000-5799999
925,5810000-5849999
925,4890000-4899999
925,5010000-5019999
925,5030000-5039999
925,5110000-5139999
925,5150000-5169999
925,5330000-5419999
925,2900000-2999999
925,3850000-3899999
925,4000000-4099999
925,4120000-4239999
925,4250000-4279999
925,4290000-4889999
925,2850000-2889999
925,3000000-3059999
925,3070000-3149999
925,3160000-3629999
925,3650000-3849999
925,5800000-5809999
925,2320000-2329999
925,2340000-2469999
925,2480000-2579999
925,2590000-2729999
925,2740000-2789999
925,2800000-2829999
925,1370000-1389999
925,1400000-2099999
925,5320000-5329999
925,2100000-2199999
925,2210000-2259999
925,2270000-2309999
925,4280000-4289999
925,6630000-6659999
925,1000000-1009999
925,1070000-1079999
925,1090000-1299999
925,1310000-1359999
925,2830000-2849999
925,2890000-2899999
925,3060000-3069999
925,3150000-3159999
925,3900000-3999999
925,4240000-4249999
929,5000000-5999999
929,9000000-9999999
926,0000000-0999999
936,6000000-6009999
925,2730000-2739999
925,2790000-2799999
925,9910000-9919999
925,9970000-9999999
929,6000000-6999999
926,1000000-9999999
925,0000000-0999999
925,8000000-8999999
925,9200000-9209999
925,9220000-9229999
925,9600000-9619999
925,9670000-9709999
925,9740000-9749999
925,9850000-9859999
925,5420000-5459999
925,5850000-5859999
925,5890000-5899999
925,6420000-6429999
925,6460000-6469999
925,7000000-7999999
925,4100000-4119999
925,5000000-5009999
925,5020000-5029999
925,5040000-5109999
925,5140000-5149999
925,5170000-5189999
925,2260000-2269999
925,2310000-2319999
925,2330000-2339999
925,2470000-2479999
925,2580000-2589999
925,3630000-3649999
924,6650000-6699999
929,4970000-4979999
924,7850000-7869999
924,7890000-7899999
924,7950000-7959999
929,4900000-4949999
924,1500000-1599999
924,6400000-6499999
924,7400000-7439999
924,7490000-7499999
924,7470000-7479999
929,4750000-4799999
924,1400000-1499999
924,6700000-6849999
924,7440000-7469999
924,7480000-7489999
924,3400000-3499999
924,4400000-4499999
924,8400000-8499999
924,5800000-5849999
929,4200000-4299999
924,4200000-4399999
924,1200000-1299999
924,3200000-3399999
924,1300000-1399999
924,2300000-2699999
999,2953000-2997999
929,4950000-4969999
929,4980000-4999999
924,7870000-7889999
924,7960000-7999999
924,5200000-5299999
924,7200000-7399999
924,9360000-9369999
924,9370000-9459999
924,9150000-9159999
999,2758000-2762999
924,6000000-6399999
924,2900000-2949999
924,7000000-7199999
929,4300000-4399999
924,8300000-8399999
924,5300000-5399999
924,8200000-8299999
924,5400000-5499999
934,4710000-4719999
999,2303000-2312999
999,2510000-2549999
924,6900000-6949999
929,4500000-4549999
924,8500000-8549999
924,6950000-6999999
924,6850000-6899999
924,7900000-7949999
929,4550000-4599999
924,7800000-7849999
924,8900000-8949999
924,5850000-5899999
924,3500000-3599999
924,3900000-3999999
924,6500000-6599999
924,7500000-7599999
929,4700000-4749999
924,4500000-4599999
924,7700000-7799999
924,5500000-5599999
924,0120000-0129999
924,0100000-0119999
924,0130000-0199999
929,4000000-4199999
924,1000000-1199999
924,2000000-2299999
924,3000000-3199999
924,4000000-4199999
924,9160000-9359999
924,8550000-8599999
999,2703000-2747999
999,2753000-2757999
924,2950000-2999999
924,2700000-2799999
924,3700000-3899999
924,5000000-5199999
924,5700000-5799999
929,4800000-4899999
924,4700000-4799999
924,8000000-8199999
934,4810000-4819999
924,2800000-2899999
924,4800000-4999999
929,4400000-4499999
924,1800000-1899999
924,1900000-1999999
924,8800000-8899999
929,4600000-4699999
924,4600000-4699999
924,1600000-1699999
924,3600000-3699999
924,6600000-6649999
924,1700000-1799999
924,5600000-5699999
924,8600000-8799999
924,7600000-7699999
924,5900000-5999999
924,8950000-8999999
999,9490000-9499999
922,0200000-0399999
922,1000000-2299999
922,2900000-2999999
922,6000000-6199999
929,2020000-2029999
929,2110000-2249999
932,6000000-6199999
932,1100000-1299999
999,4975000-4994999
922,5000000-5299999
922,6800000-6949999
929,2100000-2109999
929,2750000-2799999
932,6800000-6809999
922,4900000-4999999
922,6600000-6699999
922,9000000-9999999
929,2090000-2099999
932,2090000-2099999
929,2900000-2919999
922,3900000-3909999
922,5600000-5799999
922,6700000-6799999
929,2060000-2069999
929,2250000-2299999
932,3100000-3199999
932,5600000-5609999
922,0500000-0699999
922,2800000-2899999
922,4500000-4699999
929,2080000-2089999
929,2500000-2599999
922,0900000-0999999
932,0900000-0999999
932,0500000-0599999
932,0600000-0609999
999,2580000-2584999
922,2400000-2469999
922,3000000-3899999
922,6400000-6499999
929,2030000-2039999
929,2300000-2349999
932,2030000-2039999
932,3300000-3399999
922,2470000-2599999
922,4000000-4499999
922,6500000-6599999
922,7600000-7999999
929,2040000-2049999
929,2400000-2499999
999,2560000-2579999
932,4110000-4209999
932,4210000-4409999
932,4010000-4109999
932,2470000-2579999
929,2920000-2999999
922,3910000-3939999
922,0800000-0899999
922,2700000-2799999
922,5800000-5999999
929,2050000-2059999
929,2850000-2899999
922,0400000-0499999
922,0700000-0799999
922,2600000-2699999
922,4700000-4899999
929,2000000-2009999
929,2600000-2699999
922,0000000-0099999
932,3200000-3299999
932,4700000-4899999
922,6950000-7599999
922,2300000-2399999
922,6300000-6399999
929,2070000-2079999
929,2350000-2399999
929,2700000-2749999
922,0100000-0199999
932,3000000-3099999
932,0100000-0199999
932,2300000-2399999
929,2010000-2019999
929,2800000-2849999
922,5300000-5599999
922,6200000-6299999
922,8000000-8999999
932,5300000-5599999
932,8400000-8699999
999,2585000-2599999
999,2615000-2699999
937,1200000-1399999
929,7400000-7449999
927,2800000-2829999
927,2840000-2859999
927,5500000-5899999
927,6600000-6649999
927,0700000-0799999
937,8200000-8299999
937,7590000-7599999
937,5010000-5099999
937,6010000-6099999
937,9000000-9099999
937,5300000-5699999
929,7800000-7899999
927,2500000-2599999
927,5000000-5499999
927,0600000-0699999
937,7000000-7529999
937,0800000-0999999
937,1010000-1099999
937,6900000-6999999
927,6800000-6849999
927,8700000-8899999
937,1100000-1199999
929,7320000-7349999
937,9300000-9399999
939,7200000-7299999
937,0000000-0099999
939,7300000-7399999
937,6100000-6299999
927,0300000-0399999
929,7200000-7299999
937,0400000-0499999
937,7700000-7799999
927,2400000-2499999
927,6700000-6799999
927,4000000-4499999
937,5200000-5299999
937,2800000-2899999
937,5700000-5999999
927,4500000-4999999
937,2900000-2999999
929,7600000-7649999
927,0400000-0499999
939,7400000-7499999
927,0900000-0999999
927,2860000-2899999
927,3600000-3999999
927,6480000-6499999
937,4000000-4499999
929,7650000-7699999
937,9100000-9299999
937,7600000-7609999
927,1110000-1119999
927,2000000-2099999
927,2600000-2679999
927,2900000-2999999
927,6000000-6099999
927,6500000-6599999
999,7060000-7099999
999,7280000-7299999
927,0000000-0199999
937,9800000-9999999
937,0600000-0799999
937,7900000-7999999
939,7500000-7599999
999,7010000-7049999
927,6850000-7699999
937,2000000-2099999
929,7000000-7099999
937,1700000-1899999
927,9000000-9099999
937,6400000-6699999
927,2740000-2769999
927,6400000-6449999
927,9700000-9799999
927,1700000-1999999
937,5100000-5199999
929,7450000-7499999
937,6700000-6799999
937,6800000-6899999
937,7620000-7699999
937,2400000-2699999
927,0500000-0599999
927,1000000-1109999
927,1120000-1699999
927,2200000-2299999
927,2770000-2799999
937,9600000-9799999
937,0200000-0299999
937,8000000-8199999
999,7430000-7449999
999,7460000-7499999
999,7510000-7549999
927,6200000-6299999
927,9100000-9199999
937,1400000-1499999
937,2200000-2299999
929,7700000-7799999
937,6300000-6399999
927,8900000-8999999
937,2300000-2399999
937,2100000-2199999
927,2100000-2199999
927,2680000-2699999
927,6100000-6199999
927,7700000-7999999
929,7100000-7199999
927,0200000-0299999
939,7000000-7199999
927,2700000-2739999
927,6300000-6349999
927,8000000-8399999
927,9800000-9899999
937,4500000-4599999
937,2700000-2799999
999,7688000-7697999
999,7780000-7789999
929,7900000-7999999
937,8700000-8899999
937,0300000-0399999
937,0500000-0599999
999,7310000-7349999
999,7360000-7399999
927,0800000-0899999
927,2300000-2399999
927,3000000-3599999
927,6350000-6399999
927,9200000-9699999
937,3000000-3699999
999,7560000-7599999
999,7603000-7642999
937,1500000-1699999
937,4700000-4999999
929,7500000-7599999
937,8300000-8699999
937,7800000-7899999
999,7410000-7429999
952,9600000-9699999
953,2700000-2999999
900,3550000-3749999
950,6900000-6999999
900,6900000-6999999
937,7580000-7589999
937,7570000-7579999
930,0110000-0119999
953,4190000-4439999
953,9500000-9749999
953,1800000-1999999
950,9000000-9299999
952,0150000-0199999
952,1850000-1899999
902,8400000-8499999
927,6650000-6699999
927,8400000-8699999
937,3700000-3999999
927,9900000-9999999
929,7350000-7399999
937,9400000-9599999
937,7610000-7619999
937,0100000-0199999
937,7530000-7559999
927,2830000-2839999
927,5900000-5999999
927,6450000-6479999
937,4600000-4699999
937,1900000-1999999
929,7300000-7319999
937,8900000-8999999
921,0700000-0899999
921,2400000-2499999
921,2900000-2999999
921,4700000-4999999
921,6000000-6009999
921,6700000-6799999
921,7190000-7219999
931,4000000-4199999
929,1400000-1499999
921,8100000-8199999
921,0200000-0299999
921,1900000-2099999
921,6060000-6069999
921,6900000-6999999
921,7050000-7079999
921,7290000-7319999
921,7360000-7399999
931,8500000-8599999
929,1900000-1999999
921,8400000-8449999
921,8200000-8399999
929,1200000-1299999
929,1500000-1599999
921,0600000-0699999
921,1200000-1299999
921,1400000-1449999
931,5000000-5099999
931,5200000-5299999
999,0971000-0985999
999,1903000-1937999
921,2300000-2399999
921,5300000-5399999
921,6010000-6019999
921,6800000-6849999
921,7130000-7169999
921,7220000-7229999
920,3400000-3799999
920,6700000-6799999
929,0850000-0899999
930,3400000-3449999
930,0050000-0059999
930,3450000-3499999
930,3500000-3549999
930,3550000-3649999
930,3300000-3309999
930,3650000-3699999
921,0050000-0099999
921,1000000-1099999
921,2600000-2699999
921,6030000-6039999
921,6080000-6089999
921,6100000-6199999
931,6170000-6189999
921,7100000-7129999
931,6000000-6099999
929,1600000-1699999
921,8500000-8549999
931,6100000-6129999
931,6130000-6169999
920,3800000-3999999
920,6400000-6499999
929,0900000-0949999
930,3800000-3849999
930,0910000-0919999
930,3850000-3899999
930,3900000-3929999
930,3700000-3709999
930,3930000-3999999
930,3200000-3219999
921,0300000-0499999
921,1500000-1799999
921,2700000-2899999
921,5100000-5199999
921,6050000-6059999
921,6600000-6699999
921,7080000-7099999
921,7240000-7259999
921,7340000-7359999
931,8000000-8099999
929,1800000-1899999
921,0100000-0199999
921,2200000-2299999
921,4500000-4699999
921,5200000-5299999
921,6040000-6049999
921,6200000-6299999
921,7000000-7029999
921,7260000-7289999
931,7000000-7099999
929,1700000-1799999
921,8000000-8099999
921,1120000-1199999
921,2100000-2199999
921,5000000-5099999
921,6070000-6079999
921,6090000-6099999
921,7030000-7049999
931,9000000-9099999
921,0000000-0049999
921,1100000-1109999
929,1300000-1399999
931,9100000-9119999
929,1000000-1199999
921,0900000-0999999
921,1110000-1119999
921,1800000-1899999
921,3000000-4499999
921,5500000-5999999
999,1853000-1887999
999,1953000-1989999
931,5770000-5969999
931,9800000-9999999
931,9600000-9799999
999,1220000-1229999
999,1350000-1359999
999,1460000-1499999
999,1503000-1547999
999,1590000-1619999
999,1803000-1837999
999,0603000-0699999
999,0810000-0819999
999,0903000-0949999
999,1010000-1049999
999,1065000-1089999
999,1160000-1199999
931,0000000-0089999
999,0045000-0099999
999,0203000-0299999
999,0303000-0399999
999,0410000-0549999
999,0560000-0569999
931,3200000-3249999
931,3250000-3349999
931,3350000-3589999
931,5760000-5769999
931,3590000-3839999
931,5300000-5439999
921,6300000-6599999
921,7400000-7999999
921,8450000-8499999
921,8550000-9999999
931,2000000-2499999
931,2500000-3199999
920,3000000-3399999
920,6600000-6699999
929,0800000-0849999
930,3000000-3049999
930,3050000-3069999
920,1500000-1999999
920,6800000-6999999
929,0950000-0999999
930,1500000-1699999
930,0960000-0969999
930,1700000-1749999
930,1750000-1849999
930,1850000-1949999
930,1950000-1999999
931,5100000-5199999
921,0500000-0599999
921,1300000-1399999
921,1450000-1499999
921,2500000-2599999
921,5400000-5499999
921,6020000-6029999
921,6850000-6899999
921,7170000-7189999
921,7230000-7239999
921,7320000-7329999
921,7330000-7339999
920,1000000-1109999
920,1120000-1499999
920,6500000-6599999
929,0750000-0799999
930,0760000-0769999
930,1000000-1099999
930,1100000-1179999
930,1180000-1319999
930,1320000-1379999
929,0210000-0269999
920,6000000-6099999
920,8300000-8699999
930,7200000-7399999
930,8200000-8299999
929,0270000-0319999
920,6200000-6299999
920,9000000-9499999
930,8300000-8399999
930,0300000-0309999
930,0330000-0339999
999,0703000-0709999
999,0986000-0988999
999,7740000-7749999
999,7760000-7769999
930,2250000-2255999
920,0900000-0999999
930,0340000-0349999
930,7500000-7599999
930,8400000-8499999
920,6100000-6199999
920,8700000-8999999
929,0320000-0349999
920,2600000-2699999
920,7000000-7399999
929,0350000-0379999
930,0370000-0379999
930,7600000-7699999
930,8500000-8599999
920,1110000-1119999
920,2500000-2599999
920,2900000-2999999
929,0380000-0589999
920,0000000-0799999
930,8000000-8199999
930,2830000-2839999
930,0700000-0719999
999,0710000-0799999
920,2800000-2899999
920,8000000-8299999
929,0590000-0639999
920,0800000-0899999
930,0630000-0639999
930,7700000-7799999
930,8600000-8699999
920,6300000-6399999
920,9500000-9899999
929,0640000-0699999
920,9900000-9999999
930,8700000-8899999
920,2700000-2799999
920,7400000-7999999
929,0700000-0749999
930,0740000-0749999
930,7900000-7999999
930,8900000-8999999
929,0000000-0059999
920,2000000-2099999
920,5500000-5999999
930,0860000-0869999
930,0870000-0909999
929,8630000-8649999
928,0650000-0749999
928,4800000-4999999
928,6850000-6899999
928,8550000-8649999
997,4450000-4456999
938,8610000-8639999
938,8820000-8869999
999,4492000-4499999
928,2350000-2359999
928,9270000-9289999
928,9300000-9359999
928,9380000-9399999
928,9960000-9969999
938,8640000-8649999
920,2100000-2299999
920,4000000-4699999
929,0060000-0119999
930,4000000-4099999
930,4100000-4139999
930,4140000-4199999
928,8900000-8949999
928,0850000-0899999
928,7350000-7409999
928,7440000-7459999
928,7800000-7899999
928,4750000-4799999
929,8870000-8879999
938,9940000-9999999
999,4340000-4349999
938,0150000-0249999
938,9890000-9939999
999,4010000-4099999
928,8850000-8899999
938,8890000-8899999
938,8900000-8999999
938,9000000-9129999
938,0000000-0049999
929,8880000-8999999
928,9480000-9499999
928,9520000-9539999
928,9950000-9959999
928,6400000-6499999
928,0000000-0049999
928,8950000-8999999
928,0150000-0249999
928,7490000-7499999
928,2690000-2699999
928,2900000-2909999
928,9400000-9409999
928,9420000-9469999
928,2030000-2059999
928,3300000-3349999
928,8800000-8849999
928,0350000-0449999
928,2000000-2029999
928,2060000-2109999
938,5440000-5499999
999,4240000-4299999
938,4460000-4599999
938,4730000-4879999
938,8650000-8689999
938,3150000-3159999
938,5000000-5209999
938,5210000-5409999
938,4010000-4109999
938,4110000-4179999
938,8880000-8889999
938,4360000-4459999
938,4210000-4359999
938,2940000-2949999
928,8400000-8499999
928,9920000-9929999
929,8220000-8529999
928,2600000-2619999
928,2950000-2959999
928,4400000-4449999
928,2710000-2759999
928,2780000-2789999
928,2800000-2839999
928,2920000-2929999
928,4000000-4399999
928,6600000-6649999
928,2360000-2379999
928,2390000-2419999
928,2460000-2489999
928,2550000-2589999
928,2630000-2639999
928,2680000-2689999
928,2150000-2159999
928,2170000-2179999
928,2210000-2219999
928,2230000-2239999
928,2280000-2289999
928,2310000-2329999
920,2400000-2499999
920,5000000-5499999
929,0120000-0149999
930,0140000-0149999
928,2110000-2119999
928,2910000-2919999
928,4600000-4749999
928,6680000-6699999
929,8610000-8629999
938,4980000-4989999
938,5500000-5529999
999,4006000-4009999
928,0450000-0649999
928,2180000-2199999
928,2240000-2249999
928,2380000-2389999
928,2430000-2439999
928,2490000-2509999
999,4320000-4339999
938,7830000-8119999
999,4110000-4199999
999,4740000-4749999
999,4770000-4799999
928,9840000-9879999
928,9890000-9899999
928,9940000-9949999
929,8650000-8839999
938,9840000-9871999
938,7770000-7829999
928,9470000-9479999
928,9500000-9509999
928,9580000-9589999
928,9610000-9629999
928,9690000-9699999
928,9720000-9819999
928,6700000-6849999
928,8000000-8099999
928,8300000-8399999
928,8650000-8799999
928,9370000-9379999
928,9410000-9419999
928,2530000-2549999
928,2760000-2779999
928,2840000-2849999
928,2860000-2889999
928,2970000-2989999
928,5000000-5999999
928,2620000-2629999
928,2640000-2679999
928,9970000-9979999
928,3400000-3799999
938,6500000-6549999
999,4945000-4949999
999,4960000-4974999
928,0750000-0849999
928,6900000-6949999
928,7000000-7249999
928,9100000-9109999
928,9120000-9169999
928,9990000-9999999
999,4610000-4619999
929,8840000-8859999
938,9130000-9159999
938,6900000-6949999
938,0750000-0829999
938,7000000-7029999
938,9160000-9179999
928,1000000-1999999
928,2120000-2149999
928,2160000-2169999
928,2260000-2279999
928,2290000-2299999
928,2700000-2709999
999,4355000-4379999
938,1270000-1369999
938,1420000-1699999
938,1370000-1399999
938,1410000-1419999
999,4237000-4239999
999,4903000-4944999
929,8000000-8029999
929,8130000-8219999
938,1010000-1049999
938,1050000-1099999
938,1100000-1219999
938,1220000-1269999
928,9540000-9549999
928,9560000-9579999
928,9590000-9609999
928,9640000-9679999
928,9880000-9889999
928,9900000-9919999
928,2790000-2799999
928,2890000-2899999
928,2960000-2969999
928,6000000-6299999
928,7500000-7799999
928,9000000-9099999
928,2940000-2949999
929,8530000-8549999
928,2420000-2429999
928,2450000-2459999
928,2590000-2599999
928,2330000-2349999
938,4880000-4979999
938,8690000-8819999
999,4710000-4739999
928,8500000-8549999
928,6650000-6679999
928,4450000-4499999
928,4500000-4599999
938,4180000-4209999
938,4600000-4729999
928,3000000-3299999
928,3350000-3399999
928,0050000-0149999
928,2200000-2209999
928,2220000-2229999
928,2250000-2259999
938,3400000-3589999
938,3350000-3359999
938,3370000-3399999
999,4003000-4005999
999,4853000-4899999
928,6500000-6549999
938,3010000-3059999
938,3060000-3109999
938,3310000-3349999
938,3110000-3149999
938,3160000-3169999
928,9630000-9639999
928,9680000-9689999
928,9700000-9719999
928,9820000-9839999
928,9930000-9939999
929,8550000-8589999
928,8100000-8299999
928,9110000-9119999
928,9290000-9299999
928,9360000-9369999
928,9510000-9519999
928,9550000-9559999
928,2300000-2309999
928,2440000-2449999
928,2510000-2529999
928,2850000-2859999
928,2930000-2939999
928,6300000-6399999
920,2300000-2399999
920,4700000-4999999
929,0150000-0209999
930,4700000-4709999
930,4710000-4759999
928,0250000-0349999
928,3800000-3999999
928,6550000-6599999
928,9220000-9269999
929,8590000-8609999
938,0250000-0269999
938,0270000-0289999
938,0290000-0369999
938,0370000-0389999
999,4210000-4219999
999,4843000-4847999
999,4380000-4399999
953,7300000-7499999
952,1200000-1299999
951,1000000-1099999
900,9010000-9109999
900,6010000-6109999
900,9640000-9739999
953,6400000-6699999
950,2400000-2499999
904,0300000-0399999
904,2600000-2619999
904,5900000-5999999
904,8570000-8599999
904,9550000-9599999
904,2500000-2599999
904,6500000-6599999
900,4735000-4834999
900,5810000-5909999
902,8800000-8899999
953,6700000-6999999
953,9400000-9499999
953,1300000-1399999
951,3470000-3569999
900,5200000-5299999
953,3100000-3399999
953,4600000-4699999
900,5710000-5809999
904,0000000-0299999
904,3500000-3599999
952,0600000-0699999
900,4715000-4734999
952,0850000-0949999
900,0100000-0199999
953,7000000-7299999
953,1200000-1299999
900,4900000-4999999
900,5100000-5199999
900,4835000-4884999
953,4130000-4149999
953,4160000-4189999
953,6100000-6299999
953,8100000-8199999
953,4700000-4799999
952,7500000-7529999
953,2300000-2549999
951,7500000-7599999
900,9900000-9999999
953,5250000-5499999
900,4550000-4649999
953,5000000-5249999
951,7300000-7499999
900,5300000-5399999
900,5400000-5449999
900,5560000-5609999
900,5000000-5099999
953,4115000-4119999
951,1900000-2199999
952,4000000-4199999
950,8100000-8399999
904,2450000-2499999
904,2750000-2799999
904,3100000-3199999
904,8300000-8399999
950,1500000-1799999
952,3140000-3149999
989,8600000-8999999
989,6500000-6799999
989,4400000-4999999
988,4200000-4219999
988,4290000-4299999
988,4650000-4699999
988,6300000-6519999
988,6530000-6559999
988,6900000-6949999
988,7810000-7999999
989,0500000-0699999
988,2600000-2799999
988,3000000-3099999
988,4220000-4249999
988,4270000-4289999
988,4300000-4599999
988,4260000-4269999
988,6950000-6999999
988,7710000-7809999
988,2900000-2999999
918,7300000-7399999
918,8400000-8499999
988,2000000-2299999
901,9690000-9699999
901,9670000-9679999
901,2520000-2539999
901,1580000-1589999
901,2500000-2519999
901,9580000-9589999
901,2010000-2019999
901,2100000-2109999
901,2200000-2209999
901,2300000-2309999
901,4530000-4539999
901,9490000-9509999
901,1490000-1509999
901,4130000-4149999
901,4540000-4549999
901,8040000-8079999
901,9450000-9459999
901,9630000-9639999
901,3900000-3909999
901,9640000-9649999
901,1160000-1169999
901,1290000-1299999
901,4110000-4119999
901,4670000-4679999
901,6440000-6449999
901,9160000-9169999
901,9290000-9299999
901,6150000-6169999
901,6190000-6199999
901,6290000-6299999
901,9620000-9629999
901,9840000-9849999
901,9890000-9899999
901,8470000-8479999
901,9470000-9479999
901,1475000-1479999
901,8600000-8699999
901,9120000-9129999
901,6450000-6459999
901,6420000-6424999
901,2620000-2639999
901,9560000-9569999
901,9100000-9109999
901,1100000-1109999
901,0000000-0009999
901,1060000-1069999
901,4960000-4969999
901,4460000-4469999
901,4560000-4569999
901,4900000-4919999
901,1030000-1039999
901,1070000-1079999
901,0080000-0099999
901,4890000-4899999
901,1040000-1049999
901,4920000-4939999
901,1050000-1059999
901,1010000-1019999
901,1000000-1009999
901,0050000-0079999
901,0020000-0049999
901,0140000-0169999
901,8000000-8019999
901,8700000-8709999
901,8710000-8719999
901,9920000-9929999
901,1920000-1929999
901,1610000-1619999
901,4440000-4449999
901,8880000-8889999
901,2420000-2439999
901,4880000-4889999
901,1900000-1909999
901,9880000-9889999
901,4870000-4879999
901,9950000-9959999
901,6350000-6359999
901,1470000-1474999
901,1450000-1459999
901,1270000-1279999
901,4580000-4599999
901,4500000-4529999
901,4810000-4819999
901,9810000-9819999
901,0940000-0949999
901,9930000-9939999
901,1930000-1939999
901,0930000-0939999
901,0920000-0929999
901,9900000-9909999
901,9960000-9969999
901,9410000-9419999
901,1310000-1314999
901,9300000-9309999
953,4114000-4114999
953,4110000-4113999
961,1000000-1089999
961,0000000-0049999
903,6440000-6449999
903,8180000-8199999
903,8680000-8699999
962,1300000-1499999
906,6950000-6999999
909,2400000-2459999
960,5460000-5649999
967,9700000-9729999
967,9800000-9849999
905,0540000-0549999
905,1000000-1049999
905,1740000-1779999
905,1880000-1889999
963,2100000-2139999
906,5000000-5059999
901,4970000-4979999
901,0010000-0019999
914,3500000-3699999
914,8000000-8099999
953,9800000-9899999
902,2100000-2199999
902,0000000-0099999
902,1200000-1239999
902,1250000-1299999
902,2440000-2469999
900,4460000-4549999
900,4655000-4664999
996,1500000-1599999
902,3550000-3579999
902,5820000-5829999
902,5880000-5899999
908,4700000-4919999
951,0900000-0999999
904,1800000-1999999
903,3230000-3249999
905,0150000-0169999
905,3650000-3679999
906,1560000-1599999
906,3950000-3999999
909,3150000-3229999
967,7000000-7069999
967,7070000-7079999
966,2260000-2269999
966,2270000-2279999
966,2970000-2979999
962,3980000-3999999
963,1000000-1069999
963,1100000-1119999
962,4700000-4749999
967,4400000-4449999
967,4450000-4499999
960,3150000-3299999
963,1070000-1099999
964,8650000-8779999
965,6300000-6399999
963,0980000-0999999
961,3500000-3549999
910,1000000-1099999
910,1200000-1499999
910,3800000-3999999
910,7900000-7999999
910,8700000-8999999
915,9300000-9599999
986,7250000-7299999
987,0800000-0899999
986,7400000-7699999
910,0060000-0079999
910,0570000-0599999
987,3900000-3999999
987,7400000-7599999
987,5300000-5599999
987,1100000-1149999
913,4900000-5399999
913,0300000-0499999
913,5500000-5999999
913,8300000-8399999
983,1400000-1699999
913,1700000-1999999
983,5990000-5999999
983,6100000-6199999
983,0500000-0509999
983,0550000-0559999
983,0700000-0709999
983,0750000-0759999
983,0770000-0779999
983,2650000-2699999
983,2800000-2999999
983,2000000-2099999
983,3600000-3649999
983,5000000-5099999
983,5700000-5799999
902,4500000-4599999
902,1600000-1699999
902,5620000-5659999
908,5900000-5999999
951,6200000-6399999
902,5300000-5399999
950,3800000-3999999
950,6600000-6619999
953,2600000-2699999
952,3000000-3099999
952,2500000-2599999
902,1900000-1999999
902,2850000-2869999
902,5040000-5049999
902,5070000-5079999
950,9620000-9639999
953,9300000-9399999
950,2500000-2599999
900,9110000-9209999
913,0200000-0299999
983,1000000-1099999
983,1700000-1899999
913,2700000-2799999
913,3600000-3699999
913,2100000-2699999
913,0800000-0999999
983,3500000-3599999
983,3800000-3999999
983,5400000-5599999
983,6000000-6099999
987,5000000-5299999
987,0700000-0799999
986,7300000-7349999
986,9350000-9499999
904,3000000-3099999
904,9700000-9799999
908,0400000-0699999
908,5700000-5899999
951,7700000-8199999
950,7200000-7499999
908,9330000-9399999
952,5000000-5299999
951,4400000-4899999
951,1100000-1299999
900,0200000-0299999
908,7000000-7099999
908,4920000-4949999
917,8100000-8199999
917,9400000-9599999
987,9400000-9599999
917,1000000-1199999
919,8000000-8099999
917,0100000-0199999
987,4300000-4499999
987,4600000-4649999
986,9500000-9599999
917,0300000-0399999
917,1400000-1699999
987,9800000-9899999
987,9100000-9299999
987,8150000-8199999
987,9000000-9099999
919,8100000-8199999
917,1200000-1399999
987,9600000-9799999
917,9600000-9799999
917,8200000-8299999
987,9300000-9399999
987,4500000-4599999
902,4610000-4649999
908,4950000-4969999
951,2900000-2919999
994,2700000-2719999
902,5080000-5089999
908,2270000-2279999
908,6030000-6039999
951,2920000-2949999
908,6080000-6084999
994,2500000-2509999
902,7200000-7349999
902,9350000-9399999
999,6800000-6809999
999,6870000-6899999
901,1950000-1959999
901,9990000-9999999
901,4850000-4859999
901,1990000-1999999
901,9970000-9979999
901,9940000-9949999
901,9850000-9859999
901,4860000-4869999
901,2990000-2999999
901,9860000-9869999
901,1960000-1969999
901,4840000-4849999
901,1970000-1979999
901,4800000-4809999
901,1910000-1919999
901,1940000-1949999
901,4830000-4839999
901,4820000-4829999
901,2900000-2909999
901,1660000-1669999
901,9660000-9669999
901,8020000-8039999
996,7200000-7499999
901,9420000-9439999
902,1000000-1099999
902,1240000-1249999
902,3250000-3269999
902,3290000-3299999
902,3580000-3589999
902,4300000-4399999
902,4650000-4669999
902,6640000-6649999
902,6700000-6729999
902,7350000-7399999
902,7430000-7459999
901,6130000-6149999
901,6170000-6189999
901,6100000-6129999
901,6070000-6099999
901,0170000-0199999
901,6000000-6009999
901,2650000-2699999
901,9540000-9559999
902,4700000-4799999
902,6300000-6499999
902,7900000-8099999
902,8300000-8399999
992,2000000-2399999
992,2400000-2499999
904,8400000-8499999
908,2400000-2799999
951,9200000-9599999
952,3150000-3399999
952,6400000-6649999
950,4400000-4799999
904,9300000-9479999
902,6000000-6199999
902,8600000-8699999
902,8900000-8999999
904,8000000-8199999
908,0700000-0999999
908,8100000-8299999
951,4300000-4399999
951,2300000-2619999
992,5000000-5299999
904,9480000-9489999
902,2530000-2799999
902,4000000-4009999
902,4090000-4109999
902,4400000-4499999
902,1880000-1889999
950,5400000-5649999
992,0000000-0299999
902,1500000-1519999
902,1550000-1569999
902,5000000-5039999
902,5090000-5099999
902,5830000-5879999
953,8200000-8299999
902,6200000-6209999
902,6220000-6249999
902,8120000-8139999
902,8150000-8159999
902,8180000-8189999
902,8500000-8509999
904,8870000-8899999
908,8650000-8799999
952,6700000-6899999
952,3400000-3499999
950,4800000-4999999
992,3000000-3199999
904,4610000-4639999
904,4730000-4749999
904,4760000-4769999
904,4900000-4999999
904,8730000-8739999
904,8750000-8779999
902,6270000-6279999
902,6290000-6299999
902,6900000-6929999
902,6940000-6949999
902,8510000-8559999
902,8170000-8179999
904,8845000-8845999
904,4790000-4849999
904,4670000-4729999
904,4510000-4529999
904,4650000-4652999
904,8720000-8729999
904,4560000-4569999
904,4590000-4609999
904,4640000-4649999
950,5050000-5299999
908,8900000-8999999
904,8860000-8869999
902,8580000-8599999
951,9600000-9739999
904,8780000-8839999
904,4860000-4899999
904,8700000-8719999
904,4770000-4779999
904,9490000-9499999
908,0000000-0099999
908,8300000-8399999
951,2620000-2779999
992,4200000-4299999
902,6280000-6289999
902,8240000-8249999
902,8260000-8269999
904,4550000-4559999
904,4580000-4589999
908,4970000-4999999
908,8540000-8649999
902,8270000-8279999
902,6210000-6219999
902,6930000-6939999
992,4000000-4099999
904,4750000-4759999
904,4850000-4859999
904,8740000-8749999
951,9820000-9969999
904,4530000-4549999
904,4570000-4579999
908,8520000-8539999
902,6250000-6269999
902,8160000-8169999
902,8200000-8209999
902,8290000-8299999
902,8570000-8579999
904,8850000-8859999
951,9740000-9819999
902,8190000-8199999
992,3500000-3699999
902,8560000-8569999
904,4653000-4659999
904,4660000-4669999
904,4780000-4789999
904,8840000-8844999
904,8846000-8849999
908,8800000-8899999
902,8140000-8149999
902,8280000-8289999
952,6900000-7249999
950,5000000-5049999
950,5300000-5399999
902,8250000-8259999
904,4500000-4509999
951,2780000-2799999
996,3000000-3029999
901,4450000-4454999
901,9330000-9339999
904,3600000-3699999
908,2800000-2899999
951,6900000-7199999
950,7000000-7099999
952,9900000-9999999
952,5300000-5399999
900,2190000-2289999
902,3900000-3999999
914,1200000-1499999
914,4500000-4599999
914,5200000-5299999
914,4300000-4499999
914,4600000-5199999
901,0130000-0134999
912,1000000-1999999
912,5000000-5099999
912,5400000-5699999
912,8600000-8699999
912,9400000-9699999
912,0000000-0009999
912,0740000-0749999
912,0940000-0959999
982,9500000-9599999
952,5400000-5599999
951,8500000-8799999
952,7531000-7539999
953,1190000-1199999
953,9978000-9978999
900,2990000-2999999
900,9240000-9339999
900,3000000-3099999
952,9500000-9599999
952,1000000-1099999
904,2100000-2149999
950,7500000-7799999
951,5400000-5699999
908,1300000-1499999
963,4900000-4959999
964,1700000-1799999
905,8270000-8299999
906,8950000-8969999
909,0320000-0499999
909,7080000-7129999
964,0970000-0989999
965,8330000-8349999
969,8200000-8259999
968,2000000-2059999
967,8800000-8899999
963,0700000-0729999
967,8960000-8999999
960,7500000-7509999
962,8500000-8509999
903,0280000-0289999
903,0310000-0329999
903,6430000-6439999
903,6990000-6999999
903,8600000-8679999
905,0430000-0459999
960,1400000-1599999
961,0300000-0369999
961,6000000-6069999
962,3500000-3529999
905,1780000-1799999
905,6800000-6899999
905,8550000-8559999
906,5910000-5959999
906,6810000-6889999
909,2180000-2249999
913,0700000-0799999
913,4100000-4299999
913,3100000-3399999
913,1300000-1399999
903,4220000-4229999
906,4430000-4459999
909,4930000-4999999
960,4380000-4399999
963,1700000-1719999
963,2820000-2849999
905,4200000-4249999
963,2850000-2889999
964,0420000-0429999
969,0090000-0099999
903,9280000-9299999
903,9890000-9899999
905,0900000-0939999
905,9770000-9799999
905,9980000-9999999
960,7510000-7519999
904,7220000-7239999
908,4300000-4349999
950,8810000-8839999
950,8850000-8869999
917,6900000-6999999
917,9900000-9999999
987,6900000-6999999
917,0680000-0699999
917,0720000-0769999
987,6800000-6849999
919,7850000-7859999
919,7870000-7899999
917,0030000-0049999
987,5700000-5749999
987,5650000-5699999
987,9900000-9999999
917,0050000-0099999
987,0100000-0149999
919,7800000-7839999
906,1900000-1929999
961,8950000-8999999
962,8000000-8019999
963,9540000-9549999
961,0930000-0949999
962,8430000-8499999
960,7750000-7779999
967,6220000-6239999
906,9520000-9539999
961,7380000-7469999
903,0770000-0779999
903,9170000-9179999
963,2010000-2019999
909,5240000-5279999
951,3100000-3399999
904,5200000-5299999
908,1200000-1299999
950,8700000-8799999
952,4900000-4999999
951,0700000-0899999
950,7100000-7199999
904,0800000-0999999
952,4200000-4399999
904,5300000-5399999
951,7600000-7699999
908,7800000-7899999
951,1300000-1599999
950,3000000-3019999
918,7800000-8099999
988,7400000-7599999
919,7500000-7599999
988,7600000-7619999
988,7630000-7649999
988,7660000-7689999
988,0900000-0999999
988,6010000-6019999
988,6290000-6299999
988,9580000-9589999
910,5300000-5399999
910,6400000-6409999
910,6460000-6499999
910,8300000-8499999
910,9300000-9399999
915,7000000-7499999
980,6200000-6299999
980,6450000-6499999
919,0500000-0699999
980,6400000-6449999
980,6300000-6399999
910,0100000-0109999
910,0690000-0719999
910,0900000-0999999
910,1700000-1899999
910,6700000-6799999
910,7700000-7799999
915,7500000-7799999
915,7900000-7999999
919,0000000-0299999
980,7500000-7599999
910,0360000-0389999
980,5800000-5849999
910,6620000-6669999
910,8100000-8299999
910,9600000-9799999
915,9600000-9999999
980,6500000-6649999
980,7000000-7099999
910,0170000-0179999
910,0780000-0809999
980,7700000-7799999
980,7400000-7499999
901,1980000-1989999
901,9980000-9989999
903,6490000-6499999
903,6980000-6989999
903,8900000-8949999
905,1600000-1639999
905,6950000-6999999
906,5160000-5199999
961,0130000-0139999
967,9870000-9949999
906,6670000-6699999
909,2570000-2599999
960,5790000-5929999
962,1900000-1999999
961,1340000-1399999
964,6150000-6199999
919,1000000-1099999
919,1390000-1399999
919,4100000-4119999
919,7200000-7299999
919,7600000-7799999
919,7840000-7849999
910,0190000-0199999
910,0480000-0509999
910,0120000-0120999
910,0130000-0139999
985,0000000-9049999
985,9060000-9999999
917,5000000-5999999
910,0000000-0059999
910,0810000-0899999
910,0080000-0099999
910,0600000-0629999
910,0150000-0159999
919,7860000-7869999
919,9600000-9709999
919,9900000-9999999
910,4000000-4999999
915,0000000-4999999
916,0000000-9999999
911,0750000-0799999
911,3500000-3999999
911,6900000-6999999
911,8800000-8999999
981,3500000-3599999
981,3600000-3649999
981,3400000-3499999
912,3300000-3399999
912,3600000-3799999
912,7000000-7399999
912,8200000-8299999
919,5000000-5299999
912,0080000-0099999
912,0560000-0589999
982,3800000-3899999
982,3900000-3949999
982,8100000-8149999
910,5100000-5299999
910,5400000-5499999
910,5900000-6099999
910,7050000-7099999
910,8600000-8699999
910,9100000-9199999
980,5150000-5199999
915,8900000-8999999
919,0300000-0399999
980,5100000-5149999
980,7100000-7199999
910,0140000-0149999
910,0450000-0479999
904,7260000-7279999
950,6680000-6684999
910,6500000-6599999
910,7500000-7599999
910,8500000-8599999
915,6600000-6799999
915,8600000-8899999
980,6700000-6799999
910,0660000-0689999
980,7800000-7899999
910,1900000-1999999
910,3700000-3799999
910,6600000-6619999
910,8000000-8099999
910,9200000-9299999
910,9500000-9599999
915,9000000-9299999
910,0160000-0169999
980,5700000-5749999
904,1000000-1049999
904,2300000-2399999
904,2700000-2749999
904,8600000-8699999
908,3280000-3299999
908,7150000-7199999
908,6940000-6989999
950,5650000-5699999
950,3080000-3089999
904,1050000-1099999
904,2000000-2099999
904,2200000-2299999
908,7100000-7149999
901,9870000-9879999
901,2600000-2619999
901,9590000-9599999
903,0260000-0269999
903,6350000-6369999
903,6960000-6969999
903,8100000-8179999
905,6400000-6439999
906,5060000-5099999
965,7000000-7099999
961,0050000-0069999
962,3700000-3749999
962,0950000-0999999
906,6400000-6459999
909,2500000-2529999
960,5140000-5259999
962,1700000-1799999
961,1200000-1269999
964,1400000-1499999
902,7110000-7119999
902,7150000-7159999
908,3460000-3499999
904,7120000-7179999
902,7180000-7199999
908,3400000-3439999
950,6650000-6679999
908,3300000-3399999
904,7180000-7199999
939,3900000-3999999
939,5010000-5099999
958,6200000-6299999
901,9700000-9799999
901,3000000-3400999
901,3700000-3799999
901,4400000-4429999
901,8100000-8199999
901,1520000-1529999
901,4150000-4169999
901,4180000-4189999
901,4750000-4769999
901,4780000-4789999
901,9520000-9529999
905,4050000-4089999
961,5000000-5399999
967,3150000-3299999
967,6400000-6499999
901,1800000-1899999
901,4000000-4099999
901,4610000-4619999
901,4640000-4649999
901,4700000-4709999
901,5000000-5999999
901,7000000-7999999
901,9000000-9099999
901,9820000-9839999
901,4200000-4299999
962,8230000-8429999
903,0490000-0499999
903,0760000-0769999
903,9000000-9069999
903,9300000-9399999
903,9970000-9999999
965,8200000-8299999
965,9900000-9929999
965,9990000-9999999
906,9940000-9969999
909,5290000-5349999
960,7790000-7999999
961,8450000-8489999
961,8700000-8799999
963,9420000-9499999
905,0940000-0959999
905,9300000-9399999
905,9450000-9469999
905,9500000-9599999
906,1930000-1959999
906,9060000-9099999
903,3000000-3049999
903,3080000-3099999
903,3300000-3359999
905,0170000-0199999
905,3000000-3069999
906,1250000-1299999
967,4930000-4979999
967,9200000-9249999
960,8080000-8509999
961,3800000-3939999
964,9660000-9929999
967,4800000-4879999
967,7200000-7299999
966,2390000-2399999
906,3370000-3479999
909,3230000-3239999
909,3290000-3299999
909,3420000-3449999
909,3620000-3659999
909,3700000-3719999
964,8780000-8799999
964,8450000-8499999
964,9930000-9999999
967,8000000-8129999
964,4900000-4999999
961,1150000-1199999
961,2430000-2499999
903,6320000-6329999
903,8780000-8799999
903,8880000-8899999
960,5000000-5139999
962,1550000-1699999
963,1500000-1529999
963,2140000-2169999
962,3550000-3599999
905,0580000-0599999
905,1050000-1099999
905,1550000-1579999
906,5100000-5159999
906,6170000-6199999
909,2460000-2499999
962,5880000-5909999
903,0500000-0509999
903,3260000-3269999
905,0080000-0089999
905,1820000-1829999
905,3790000-3799999
964,8600000-8649999
961,3330000-3379999
967,7550000-7599999
967,7530000-7539999
963,2390000-2399999
969,7780000-7799999
906,1370000-1399999
906,3340000-3369999
909,3660000-3699999
960,0900000-0999999
963,1260000-1279999
961,3730000-3799999
908,4350000-4379999
908,3750000-3769999
902,7100000-7109999
902,7170000-7179999
904,7000000-7079999
950,8800000-8809999
908,3770000-3799999
908,4380000-4399999
908,3640000-3649999
961,1090000-1099999
961,1800000-1899999
961,6130000-6179999
961,0280000-0299999
906,6700000-6809999
903,0250000-0259999
962,3250000-3329999
962,3470000-3499999
905,6500000-6599999
909,2100000-2179999
960,1000000-1399999
906,5800000-5909999
903,0300000-0309999
903,4200000-4209999
903,6500000-6569999
903,8500000-8599999
905,0490000-0539999
905,6440000-6449999
903,6340000-6349999
903,8950000-8999999
905,1500000-1539999
906,5200000-5249999
906,6090000-6099999
906,6660000-6669999
964,1500000-1569999
961,0070000-0089999
967,6800000-6849999
909,2530000-2569999
960,7380000-7499999
962,1800000-1899999
963,2170000-2189999
961,1270000-1299999
963,9300000-9309999
908,3600000-3639999
902,7140000-7149999
902,7160000-7169999
904,7200000-7219999
908,3650000-3659999
961,1700000-1799999
961,1630000-1669999
903,0240000-0249999
903,6420000-6429999
903,8840000-8879999
905,0400000-0409999
960,6200000-6409999
962,3000000-3099999
962,3200000-3209999
967,4790000-4799999
962,3220000-3229999
905,1700000-1739999
905,6700000-6799999
905,8780000-8799999
906,5650000-5679999
906,6000000-6089999
909,2000000-2099999
988,1700000-1799999
988,5900000-5939999
988,5950000-6009999
917,0800000-0999999
917,1700000-1999999
917,0000000-0029999
988,0600000-0799999
989,6800000-6869999
989,7900000-7999999
989,9600000-9699999
989,5600000-5699999
903,3200000-3209999
903,3360000-3399999
905,0350000-0379999
963,1280000-1299999
905,1830000-1849999
905,3480000-3499999
969,7590000-7599999
962,6300000-6369999
965,6930000-6999999
967,7710000-7719999
967,7740000-7749999
967,3760000-3769999
967,7150000-7169999
906,1400000-1479999
906,3900000-3949999
909,3540000-3619999
960,3600000-3799999
963,2340000-2349999
964,8550000-8599999
910,1100000-1199999
910,7100000-7299999
910,7600000-7699999
910,7800000-7899999
915,6300000-6599999
919,0400000-0499999
910,0110000-0119999
910,0630000-0659999
980,5750000-5799999
913,4000000-4099999
913,2800000-3099999
913,1200000-1299999
913,4300000-4399999
983,2500000-2549999
983,2100000-2299999
983,5950000-5969999
983,0560000-0569999
983,0120000-0129999
983,0130000-0179999
988,8400000-8599999
988,7300000-7399999
918,7400000-7799999
919,7300000-7499999
918,8600000-8899999
988,7000000-7099999
989,3000000-3629999
988,8600000-8699999
988,6750000-6799999
988,1000000-1199999
988,6240000-6289999
988,0850000-0899999
989,9700000-9999999
917,6000000-6399999
917,0500000-0639999
987,6300000-6399999
987,6850000-6899999
986,7350000-7399999
910,1500000-1699999
910,5500000-5599999
910,5800000-5899999
910,7000000-7049999
910,9400000-9499999
915,6800000-6999999
915,7800000-7899999
919,0700000-0899999
980,7200000-7299999
910,0750000-0779999
980,5850000-5899999
950,2800000-2999999
902,4800000-4899999
902,5050000-5069999
994,0000000-0149999
952,0800000-0849999
905,2970000-2989999
905,2370000-2379999
905,2990000-2999999
906,2060000-2099999
909,5670000-5729999
960,2100000-2199999
963,7400000-7499999
964,3170000-3199999
965,8170000-8179999
905,2390000-2399999
905,2900000-2929999
906,2000000-2059999
909,5650000-5669999
960,2000000-2099999
963,2400000-2409999
965,8050000-8099999
963,3660000-3679999
963,3330000-3349999
964,6900000-6949999
963,3680000-3699999
964,3100000-3129999
963,3300000-3329999
919,6500000-6799999
917,6500000-6799999
987,6600000-6699999
917,0640000-0679999
917,0770000-0799999
987,6700000-6799999
987,5750000-5799999
987,7350000-7399999
987,7600000-7699999
987,1200000-1299999
919,1380000-1389999
919,9710000-9799999
903,0510000-0519999
903,3250000-3259999
905,0090000-0099999
905,3780000-3789999
905,3890000-3899999
906,1600000-1649999
964,8500000-8549999
964,8400000-8449999
967,8190000-8199999
906,3780000-3799999
909,3240000-3289999
960,3300000-3399999
963,1450000-1499999
961,0990000-0999999
962,5910000-5979999
905,2380000-2389999
905,2950000-2959999
906,2200000-2249999
909,5730000-5769999
960,2200000-2299999
963,3370000-3399999
964,6750000-6799999
964,3130000-3169999
963,3350000-3369999
965,8100000-8129999
952,6100000-6399999
962,7900000-7999999
962,8080000-8229999
961,9760000-9999999
962,8020000-8079999
963,5040000-5099999
963,5200000-5399999
906,9600000-9699999
909,5000000-5079999
967,3800000-3809999
905,0800000-0849999
905,9240000-9299999
905,9800000-9899999
960,9360000-9669999
906,1960000-1969999
906,9400000-9469999
903,0720000-0739999
903,9100000-9129999
903,9470000-9499999
903,9570000-9589999
903,9900000-9929999
903,9950000-9969999
963,5700000-5799999
963,5170000-5199999
964,0800000-0899999
964,6000000-6099999
963,5000000-5039999
961,2300000-2429999
906,2400000-2799999
909,5770000-5939999
960,2300000-2899999
962,6800000-7299999
963,2410000-2499999
903,0920000-0999999
968,1950000-1969999
969,7000000-7399999
969,7900000-7999999
965,7470000-7499999
962,3430000-3469999
962,3820000-3849999
967,4320000-4349999
967,9670000-9699999
967,9730000-9799999
962,3530000-3549999
967,5900000-5999999
967,6250000-6259999
967,5200000-5239999
965,8130000-8169999
965,8180000-8199999
967,5600000-5649999
967,5700000-5749999
967,3570000-3599999
961,6070000-6129999
964,6100000-6149999
966,7500000-7599999
967,5300000-5399999
968,1800000-1949999
967,3400000-3449999
967,3460000-3499999
967,5100000-5149999
967,5500000-5539999
964,3200000-3399999
964,3400000-3499999
964,3600000-3999999
965,0000000-0999999
963,3000000-3219999
965,7500000-7999999
905,2000000-2369999
905,2500000-2899999
906,2250000-2299999
961,8000000-8119999
963,3220000-3299999
963,3400000-3499999
952,0000000-0099999
902,1400000-1469999
902,9970000-9999999
953,0350000-0389999
912,3400000-3599999
912,8400000-8499999
919,8400000-8699999
987,8400000-8699999
987,3400000-3499999
912,0650000-0652999
986,7700000-7999999
912,0653000-0679999
987,8700000-8999999
987,7800000-7999999
987,7700000-7799999
987,1900000-2049999
987,1150000-1199999
951,4900000-5399999
904,3400000-3499999
904,4400000-4499999
904,5000000-5099999
908,1700000-1999999
908,5000000-5199999
950,8400000-8699999
951,8200000-8499999
952,5600000-5899999
952,6000000-6099999
903,6000000-6099999
903,0400000-0449999
903,0520000-0609999
903,6570000-6579999
903,8460000-8499999
905,0100000-0149999
967,7100000-7149999
969,7600000-7669999
909,2820000-2999999
960,1600000-1999999
962,5040000-5189999
963,2300000-2339999
961,6300000-6399999
964,8300000-8399999
905,1900000-1969999
905,6600000-6699999
905,8650000-8699999
906,3480000-3699999
906,5560000-5579999
906,5780000-5799999
903,0460000-0489999
903,0670000-0719999
903,9070000-9099999
903,9160000-9169999
903,9400000-9469999
903,9840000-9859999
961,8600000-8669999
906,9200000-9389999
906,9750000-9899999
909,5090000-5229999
960,9000000-9359999
961,7000000-7379999
962,7340000-7349999
903,9930000-9949999
905,0650000-0799999
905,9000000-9199999
905,9470000-9499999
905,9600000-9699999
905,9930000-9959999
960,4220000-4319999
962,6490000-6539999
963,1650000-1699999
963,2800000-2819999
964,0300000-0349999
964,0350000-0419999
967,5800000-5819999
906,4830000-4859999
909,4870000-4929999
967,4100000-4249999
967,4250000-4299999
962,7710000-7729999
964,0470000-0489999
963,3900000-3949999
965,4950000-4999999
903,4250000-4269999
903,4900000-4979999
905,4350000-4379999
906,1890000-1899999
912,5200000-5299999
912,5700000-5799999
912,8300000-8399999
912,9700000-9799999
919,5600000-5999999
912,0620000-0649999
912,0750000-0750999
982,4200000-4299999
982,3950000-3999999
982,8000000-8099999
902,8700000-8799999
904,1600000-1799999
904,3800000-3899999
904,5400000-5499999
904,9800000-9899999
908,6300000-6399999
953,3800000-3899999
953,0390000-0589999
952,1300000-1499999
900,1970000-2169999
900,0300000-0499999
908,9000000-9299999
950,1900000-2099999
950,6300000-6599999
952,7250000-7449999
953,6000000-6099999
953,0000000-0099999
963,1150000-1199999
962,6020000-6149999
963,9100000-9199999
967,7600000-7699999
904,3300000-3399999
904,5500000-5599999
904,6000000-6199999
904,6300000-6499999
950,0000000-0399999
951,6600000-6899999
952,0950000-0999999
952,6650000-6699999
900,6200000-6599999
952,3800000-3999999
952,2000000-2299999
953,3600000-3799999
953,1400000-1799999
950,2200000-2299999
952,2600000-2899999
953,3400000-3599999
952,2300000-2499999
952,3500000-3799999
904,5100000-5199999
950,0400000-0499999
951,6400000-6599999
903,0350000-0399999
903,4210000-4219999
903,6580000-6599999
903,6970000-6979999
903,8400000-8459999
905,1100000-1199999
962,2700000-2799999
963,2230000-2289999
961,1450000-1529999
963,9310000-9399999
961,2600000-2679999
967,4300000-4319999
905,1890000-1899999
905,6200000-6299999
906,5300000-5399999
906,6200000-6309999
909,2600000-2649999
960,5930000-6199999
903,0290000-0299999
903,6370000-6379999
903,8800000-8839999
905,0460000-0469999
905,1650000-1699999
905,8560000-8569999
962,4750000-4849999
906,5680000-5719999
906,6600000-6659999
909,2250000-2309999
960,6410000-6569999
964,1680000-1699999
961,6200000-6279999
901,9910000-9919999
901,9440000-9449999
901,1440000-1449999
903,0330000-0349999
903,0750000-0759999
903,6300000-6319999
903,6940000-6959999
903,8000000-8099999
905,1250000-1299999
961,0140000-0199999
967,9950000-9999999
962,2400000-2499999
963,1530000-1549999
963,2190000-2229999
964,1620000-1669999
961,1400000-1449999
965,7200000-7249999
905,1640000-1649999
905,6000000-6099999
906,5490000-5559999
906,6500000-6569999
909,2650000-2719999
960,7000000-7189999
987,1500000-1699999
903,0270000-0279999
903,6330000-6339999
903,6390000-6399999
903,8700000-8779999
905,0410000-0429999
905,1540000-1549999
961,1670000-1699999
962,3750000-3819999
905,1580000-1599999
906,5720000-5779999
906,6890000-6949999
909,2360000-2399999
960,6730000-6999999
961,1900000-1999999
903,6380000-6389999
903,6460000-6469999
903,6900000-6929999
903,8200000-8299999
905,1300000-1399999
905,6300000-6399999
964,4820000-4849999
961,1530000-1629999
961,9720000-9749999
964,1670000-1679999
965,7250000-7299999
961,0200000-0279999
964,1360000-1379999
905,6450000-6479999
906,5250000-5299999
906,6310000-6399999
909,2760000-2819999
960,5260000-5459999
962,2000000-2149999
910,6670000-6699999
910,6800000-6999999
910,9800000-9999999
915,8100000-8499999
980,6800000-6899999
980,6900000-6969999
910,0180000-0189999
910,0420000-0449999
980,7300000-7399999
980,6650000-6699999
950,1800000-1899999
902,2470000-2489999
902,3650000-3669999
908,3200000-3249999
951,0300000-0399999
953,4500000-4599999
903,4230000-4249999
903,4270000-4299999
903,4690000-4699999
903,4770000-4779999
903,4800000-4829999
903,4980000-4999999
966,7440000-7469999
966,7410000-7439999
966,7470000-7489999
966,7690000-7699999
961,8340000-8389999
962,7740000-7759999
967,5820000-5829999
961,8320000-8339999
964,0490000-0499999
963,3700000-3759999
964,0000000-0249999
964,0500000-0549999
965,4850000-4949999
967,3900000-4099999
967,9310000-9429999
906,4460000-4509999
906,4800000-4829999
909,4780000-4869999
960,4070000-4219999
963,4000000-4299999
963,7900000-7999999
903,6400000-6419999
903,6930000-6939999
903,8340000-8399999
905,1850000-1879999
905,6900000-6949999
906,5400000-5489999
962,3900000-3979999
967,9600000-9669999
965,7100000-7149999
961,0090000-0129999
961,1300000-1339999
964,1570000-1619999
906,6460000-6499999
960,5650000-5789999
903,0630000-0669999
903,3220000-3229999
903,3450000-3469999
903,3570000-3599999
903,3790000-3799999
903,3890000-3899999
967,7900000-7999999
962,3210000-3219999
967,4750000-4789999
966,2490000-2499999
969,7700000-7729999
909,3000000-3059999
960,3000000-3149999
962,5980000-6019999
965,6800000-6899999
961,3380000-3489999
967,4700000-4749999
903,4760000-4769999
905,0270000-0299999
905,1970000-1999999
905,3400000-3479999
906,1300000-1369999
906,3800000-3899999
902,9830000-9849999
902,7550000-7599999
951,2200000-2299999
908,9300000-9329999
902,1470000-1499999
902,2830000-2849999
908,2250000-2269999
908,2910000-2959999
951,7200000-7299999
953,9000000-9099999
952,4800000-4899999
950,6800000-6899999
902,0900000-0999999
902,3100000-3149999
902,3600000-3649999
902,3800000-3899999
902,6500000-6599999
904,4000000-4399999
904,7285000-7289999
904,7500000-7599999
904,7700000-7799999
995,4000000-4199999
995,4200000-4299999
902,2900000-2999999
902,3200000-3249999
902,3350000-3399999
902,3700000-3799999
902,7480000-7499999
904,7080000-7119999
950,8840000-8849999
904,7295000-7298999
950,6690000-6699999
950,8870000-8879999
904,7290000-7294999
904,7300000-7349999
904,7400000-7499999
908,3800000-4299999
908,3440000-3459999
908,3660000-3699999
908,3730000-3749999
901,9310000-9319999
901,1315000-1319999
961,2150000-2299999
903,4000000-4079999
903,4300000-4399999
903,4600000-4649999
903,4700000-4749999
903,4850000-4869999
903,4880000-4899999
961,8170000-8179999
961,2680000-3329999
966,2060000-2069999
961,8300000-8319999
906,4140000-4309999
906,4390000-4399999
906,4520000-4549999
909,4000000-4429999
960,4420000-4709999
961,4000000-4399999
905,4250000-4329999
905,4390000-4399999
905,4500000-4599999
905,4780000-4799999
905,4850000-4879999
906,1800000-1869999
963,1120000-1149999
903,0200000-0239999
903,0450000-0459999
903,3280000-3299999
903,3800000-3869999
903,4750000-4759999
967,5000000-5099999
909,3300000-3419999
960,3400000-3599999
962,6150000-6299999
961,6400000-6519999
961,0520000-0539999
965,8800000-8899999
905,0300000-0349999
905,3200000-3299999
905,3680000-3699999
905,3800000-3889999
906,1480000-1559999
906,3000000-3199999
951,1600000-1899999
904,3700000-3799999
904,5700000-5799999
904,9600000-9699999
904,9900000-9999999
908,9400000-9599999
950,2600000-2799999
950,5700000-5999999
951,5700000-6199999
953,0590000-0689999
952,1650000-1749999
900,0500000-0599999
994,2900000-2909999
912,3000000-3299999
912,4000000-4099999
912,4700000-4799999
912,7700000-7799999
912,7900000-8099999
912,8900000-8999999
982,3300000-3499999
982,3500000-3799999
912,0762000-0766999
982,1000000-1149999
982,2700000-2999999
919,1100000-1299999
919,3000000-3599999
919,4000000-4099999
912,0810000-0829999
982,3000000-3299999
912,0830000-0859999
961,5800000-5999999
961,8500000-8599999
964,8900000-9399999
964,9400000-9499999
905,4010000-4049999
965,4550000-4849999
966,7700000-7779999
966,7600000-7609999
966,7660000-7679999
966,7400000-7409999
966,7490000-7499999
978,6500000-6999999
967,6500000-6749999
967,6960000-6969999
968,3000000-3009999
966,7790000-7799999
963,3790000-3799999
967,9300000-9309999
906,4310000-4369999
909,4430000-4689999
960,4710000-4989999
962,8510000-8909999
963,1600000-1649999
967,3000000-3149999
903,4100000-4129999
903,4470000-4599999
905,4380000-4389999
905,4700000-4779999
905,4940000-4959999
906,1870000-1879999
917,2000000-2199999
917,3000000-3299999
917,9800000-9899999
987,8200000-8399999
919,8200000-8399999
987,3000000-3299999
917,0200000-0299999
987,3300000-3399999
987,3500000-3899999
987,8000000-8149999
987,5600000-5649999
986,9800000-9999999
912,4100000-4199999
912,5100000-5199999
912,5300000-5399999
912,8100000-8199999
912,9000000-9099999
912,9300000-9399999
982,5800000-5999999
982,5600000-5799999
912,0760000-0761999
982,1800000-1999999
982,1350000-1599999
982,2000000-2299999
912,0860000-0869999
912,0930000-0939999
982,5000000-5099999
982,5200000-5299999
982,5400000-5499999
982,5500000-5599999
919,5300000-5399999
982,4100000-4199999
982,5100000-5199999
982,5300000-5399999
912,0870000-0899999
912,0800000-0809999
912,3800000-3999999
912,9200000-9299999
912,9900000-9999999
919,9200000-9599999
912,0770000-0799999
982,9000000-9099999
982,9800000-9899999
982,7700000-7899999
912,0758000-0759999
982,9100000-9299999
982,9300000-9399999
982,9600000-9799999
982,9400000-9499999
982,1300000-1349999
903,0610000-0629999
903,3050000-3079999
903,3130000-3149999
903,3180000-3199999
903,3400000-3449999
903,3870000-3889999
967,7720000-7739999
967,3600000-3759999
967,3770000-3799999
967,4660000-4699999
966,2400000-2409999
966,2500000-2509999
966,2600000-2609999
967,7780000-7809999
967,7700000-7709999
909,3060000-3149999
960,0300000-0899999
962,5480000-5799999
965,5800000-6299999
963,1200000-1259999
967,4600000-4659999
905,0200000-0269999
905,0380000-0399999
905,3100000-3199999
905,3700000-3779999
906,1100000-1249999
906,3200000-3339999
961,6560000-6999999
961,0570000-0919999
903,3150000-3179999
903,3270000-3279999
903,3700000-3779999
903,4670000-4689999
968,2830000-2879999
905,4820000-4839999
906,1650000-1759999
906,4000000-4109999
906,4510000-4519999
909,3770000-3949999
960,8670000-8969999
903,4780000-4799999
905,0610000-0649999
962,7560000-7619999
905,3300000-3399999
905,3900000-3999999
905,4330000-4349999
901,9650000-9659999
901,1650000-1659999
909,5350000-5379999
962,0300000-0599999
903,9250000-9279999
903,9800000-9839999
905,0960000-0999999
905,9210000-9239999
968,1050000-1099999
961,8800000-8849999
965,8700000-8769999
965,8770000-8799999
965,9700000-9849999
965,9850000-9899999
968,1000000-1049999
905,9400000-9449999
906,1970000-1979999
906,9180000-9199999
906,9900000-9939999
960,9800000-9999999
961,8490000-8499999
951,4000000-4299999
904,0700000-0799999
904,3200000-3299999
904,5800000-5899999
904,8200000-8299999
908,1000000-1199999
950,9500000-9599999
900,6700000-6799999
908,3100000-3199999
908,7900000-8099999
950,7800000-7999999
953,3900000-3999999
950,3300000-3399999
950,2100000-2199999
962,7510000-7559999
964,8800000-8899999
961,6520000-6559999
961,7980000-7999999
961,8120000-8169999
961,9750000-9759999
967,3300000-3379999
967,3380000-3399999
967,8200000-8429999
905,3600000-3649999
905,4800000-4819999
906,1770000-1799999
906,4550000-4599999
909,3720000-3769999
960,8510000-8669999
965,4500000-4549999
961,0540000-0569999
903,3210000-3219999
903,3470000-3499999
903,3780000-3789999
905,0600000-0609999
912,4800000-4999999
912,5800000-5999999
912,7800000-7899999
912,8800000-8899999
912,9800000-9899999
919,4400000-4999999
982,4300000-4599999
982,2300000-2599999
919,7000000-7199999
912,0590000-0619999
912,0680000-0709999
912,0751000-0755999
982,4800000-4999999
982,4600000-4799999
962,0650000-0849999
903,9180000-9189999
906,9000000-9059999
903,9200000-9249999
903,9590000-9599999
903,9860000-9889999
963,9500000-9529999
960,7520000-7749999
963,1800000-1929999
963,2540000-2699999
963,9550000-9599999
967,6000000-6199999
965,8900000-9199999
905,0860000-0889999
905,9700000-9769999
905,9960000-9979999
906,9100000-9179999
906,9710000-9749999
909,5230000-5239999
902,1300000-1399999
902,2810000-2829999
908,6050000-6079999
951,2950000-2979999
953,3000000-3099999
952,2900000-2999999
953,7500000-7599999
950,8900000-8999999
962,7760000-7799999
962,7800000-7899999
903,9130000-9159999
903,9500000-9559999
905,0890000-0899999
905,9900000-9929999
961,8850000-8899999
961,8900000-8929999
964,0900000-0949999
961,0950000-0989999
964,0950000-0969999
906,1980000-1999999
906,9470000-9519999
906,9540000-9599999
909,5380000-5499999
960,9690000-9799999
963,1930000-1979999
964,6950000-6999999
961,1100000-1149999
961,2500000-2599999
903,6450000-6459999
903,6470000-6489999
903,8300000-8339999
909,2720000-2759999
960,7190000-7379999
962,0850000-0949999
905,0550000-0579999
905,1400000-1499999
905,6100000-6199999
905,6480000-6499999
906,5580000-5649999
906,6100000-6169999
905,4000000-4009999
905,4090000-4099999
905,4840000-4849999
906,1760000-1769999
906,4370000-4379999
909,3950000-3999999
960,8970000-8999999
961,5400000-5499999
961,3940000-3999999
961,8400000-8449999
962,7700000-7709999
962,7730000-7739999
901,6300000-6344999
904,1100000-1599999
901,6500000-6549999
901,6400000-6419999
902,1700000-1799999
902,5100000-5169999
908,6400000-6699999
950,0500000-1499999
901,6550000-6749999
908,7700000-7799999
902,5190000-5199999
902,5400000-5499999
902,5600000-5619999
902,5660000-5699999
902,5760000-5799999
902,7600000-7699999
960,6570000-6729999
961,0370000-0379999
962,2180000-2199999
962,2300000-2399999
905,0470000-0489999
905,0850000-0859999
961,6280000-6299999
965,7150000-7199999
964,1350000-1359999
964,1300000-1349999
905,1200000-1249999
906,5960000-5999999
906,6570000-6599999
909,2310000-2359999
963,1590000-1599999
961,6180000-6199999
963,2700000-2759999
963,8500000-8579999
965,5000000-5499999
963,4400000-4499999
961,5730000-5749999
961,7610000-7699999
966,7000000-7299999
962,3850000-3899999
967,9070000-9099999
965,8300000-8329999
962,3400000-3429999
962,3230000-3249999
964,4850000-4899999
909,0000000-0319999
909,7000000-7069999
963,0310000-0559999
967,6300000-6399999
967,8500000-8599999
962,3100000-3199999
961,7700000-7789999
903,0780000-0879999
905,8000000-8099999
905,8590000-8599999
906,8000000-8159999
906,8550000-8599999
964,2400000-2499999
965,8530000-8599999
963,4600000-4799999
961,5750000-5799999
968,2100000-2109999
962,4850000-4899999
963,1550000-1589999
963,2290000-2299999
909,0680000-0999999
909,7430000-7499999
963,0730000-0979999
967,8600000-8699999
968,1100000-1299999
903,0880000-0919999
905,8300000-8399999
906,8500000-8549999
906,8600000-8729999
906,8900000-8949999
906,8980000-8999999
961,7830000-7899999
961,7900000-7979999
963,4500000-4599999
961,7790000-7829999
905,8200000-8269999
905,8570000-8589999
906,8200000-8279999
906,8730000-8759999
966,7610000-7659999
964,2590000-2599999
967,3810000-3859999
969,8000000-8119999
966,7820000-7849999
967,8719999-8729999
909,1800000-1949999
909,7340000-7429999
961,2000000-2149999
963,0560000-0619999
963,0670000-0699999
963,9530000-9539999
963,8580000-8619999
963,8700000-8849999
964,1850000-1999999
965,5500000-5799999
961,5720000-5729999
961,7540000-7599999
967,9000000-9069999
967,8730000-8749999
967,8780000-8799999
966,7900000-7999999
905,8600000-8649999
906,8760000-8789999
906,8870000-8899999
909,1000000-1199999
909,7260000-7339999
963,0110000-0209999
963,4800000-4849999
963,5400000-5499999
964,1800000-1849999
965,8400000-8529999
905,8740000-8779999
906,8160000-8199999
967,8750000-8779999
966,7800000-7819999
906,8970000-8979999
909,0500000-0679999
909,7130000-7159999
963,0260000-0309999
967,9180000-9199999
963,0620000-0669999
963,2760000-2769999
963,0000000-0009999
962,8910000-8999999
963,5500000-5549999
963,8850000-8899999
961,7470000-7489999
964,2500000-2589999
967,9160000-9179999
963,4300000-4349999
905,8700000-8729999
906,8290000-8299999
909,1300000-1449999
909,7160000-7219999
961,5630000-5699999
963,2770000-2799999
963,8620000-8679999
963,8680000-8699999
965,8350000-8399999
961,5700000-5719999
961,7490000-7539999
909,7220000-7259999
963,0010000-0109999
965,8650000-8699999
966,7300000-7349999
967,8700000-8709999
963,4350000-4399999
905,8500000-8549999
906,8280000-8289999
906,8830000-8849999
909,1450000-1499999
909,1700000-1799999
963,4850000-4899999
963,5550000-5599999
965,8600000-8649999
961,7600000-7609999
906,8790000-8829999
909,1200000-1299999
963,0210000-0259999
964,0430000-0469999
963,4960000-4999999
964,2000000-2099999
906,8850000-8869999
909,1950000-1999999
961,5500000-5629999
967,8900000-8959999
902,7120000-7129999
904,7350000-7399999
908,3500000-3599999
950,9300000-9449999
919,5500000-5599999
912,4200000-4399999
912,9100000-9199999
912,0710000-0739999
982,4000000-4099999
982,1700000-1799999
982,1600000-1699999
982,2600000-2699999
913,3400000-3499999
913,3500000-3599999
983,3650000-3699999
983,5150000-5199999
983,5900000-5949999
906,4890000-4899999
962,0000000-0299999
962,4940000-4959999
961,4400000-4699999
962,4000000-4099999
962,4200000-4599999
906,4900000-4939999
906,4960000-4999999
909,7500000-7749999
968,2600000-2799999
905,4600000-4699999
905,4900000-4939999
905,4960000-4999999
906,4110000-4139999
906,4400000-4429999
906,4600000-4799999
962,7400000-7429999
903,4080000-4099999
903,4130000-4199999
903,4400000-4469999
905,4100000-4199999
905,4400000-4499999
962,4100000-4139999
961,4700000-4999999
963,3800000-3899999
962,4600000-4609999
962,4900000-4939999
962,4960000-4999999
963,8180000-8199999
963,8420000-8499999
963,8100000-8179999
963,8000000-8099999
962,2830000-2859999
962,2930000-2959999
968,2460000-2469999
965,6770000-6779999
909,8100000-8199999
909,8830000-8859999
909,8930000-8959999
961,9500000-9599999
965,6700000-6729999
968,1320000-1349999
963,8230000-8269999
963,8270000-8299999
963,8400000-8419999
963,5640000-5689999
963,5620000-5639999
963,8200000-8229999
968,1700000-1729999
964,2320000-2359999
965,6730000-6759999
900,3350000-3449999
962,6730000-6799999
909,8000000-8099999
909,8200000-8299999
909,8400000-8799999
909,8860000-8899999
909,8960000-8999999
962,1500000-1519999
962,2200000-2299999
962,2860000-2899999
962,2960000-2999999
962,5000000-5039999
962,5830000-5879999
963,8300000-8349999
909,8300000-8399999
909,8800000-8829999
909,8900000-8929999
961,9600000-9699999
962,2150000-2179999
962,2800000-2829999
962,2900000-2929999
963,8350000-8359999
903,3600000-3629999
903,3640000-3699999
903,3900000-3999999
905,8100000-8199999
905,8400000-8499999
905,8800000-8999999
969,7400000-7459999
969,7470000-7529999
969,7460000-7469999
906,8300000-8499999
909,6000000-6199999
961,9000000-9499999
909,7070000-7079999
965,6900000-6929999
967,7750000-7779999
905,2400000-2499999
909,7750000-7999999
962,2500000-2699999
906,2100000-2199999
906,2300000-2399999
963,3500000-3519999
963,7370000-7389999
963,2900000-2999999
967,3500000-3549999
917,6800000-6899999
988,6800000-6899999
989,7300000-7399999
964,2900000-2999999
964,3000000-3029999
965,7300000-7349999
905,2930000-2939999
905,8730000-8739999
906,2800000-2859999
909,5500000-5569999
960,0000000-0199999
962,6590000-6659999
904,7299000-7299999
902,2000000-2009999
902,2030000-2099999
902,3400000-3499999
902,3520000-3549999
908,5200000-5399999
950,2300000-2399999
902,0800000-0899999
904,2180000-2199999
950,8000000-8099999
951,3000000-3099999
952,5900000-5999999
904,2800000-2999999
904,6800000-6999999
900,5910000-6009999
905,2940000-2949999
906,2860000-2919999
909,5570000-5649999
960,0200000-0299999
963,3610000-3659999
963,3580000-3609999
964,3070000-3099999
964,6800000-6889999
965,8000000-8049999
964,6890000-6899999
967,3450000-3459999
902,1100000-1199999
902,3500000-3519999
902,9530000-9559999
902,9930000-9959999
904,7280000-7284999
908,6100000-6299999
950,6685000-6689999
902,2400000-2409999
902,2490000-2499999
902,3270000-3289999
902,3590000-3599999
902,6600000-6639999
902,6650000-6659999
908,8400000-8519999
902,2200000-2299999
902,3300000-3349999
951,2800000-2899999
988,8100000-8199999
918,8100000-8199999
988,8200000-8299999
988,8000000-8099999
988,6650000-6659999
988,1200000-1299999
988,6560000-6649999
988,7200000-7299999
918,7200000-7299999
988,9200000-9299999
988,9300000-9399999
989,6400000-6499999
989,6950000-6999999
904,3900000-3999999
908,1500000-1699999
908,2300000-2399999
904,0400000-0699999
950,6000000-6299999
952,7600000-7899999
952,4400000-4599999
953,5500000-5799999
988,7100000-7199999
918,7100000-7199999
988,6050000-6199999
988,9100000-9199999
989,7800000-7899999
989,6900000-6949999
989,1500000-1599999
901,9240000-9249999
910,2100000-2199999
910,2700000-2799999
910,3100000-3199999
910,7300000-7319999
910,7400000-7409999
915,5100000-5199999
980,7900000-7999999
919,2700000-2799999
919,2100000-2199999
919,1700000-1799999
919,1300000-1369999
910,0220000-0229999
910,0510000-0539999
905,9200000-9209999
906,9970000-9999999
909,5280000-5289999
960,7780000-7789999
963,2500000-2539999
961,8940000-8949999
963,2020000-2099999
961,0920000-0929999
962,0600000-0649999
912,4400000-4699999
912,7400000-7699999
912,8500000-8599999
912,8700000-8799999
919,9000000-9199999
912,0200000-0299999
912,0530000-0559999
982,9900000-9999999
982,1200000-1299999
982,8150000-8399999
901,9680000-9689999
963,3520000-3579999
963,7300000-7339999
963,7340000-7369999
964,3030000-3069999
964,6600000-6749999
905,2960000-2969999
906,2920000-2999999
909,5940000-5999999
962,6660000-6729999
960,2900000-2999999
966,7850000-7899999
965,7350000-7469999
962,5820000-5829999
961,8930000-8939999
963,5130000-5149999
963,5100000-5129999
903,0740000-0749999
903,9190000-9199999
963,1980000-1999999
906,9390000-9399999
906,9700000-9709999
909,5080000-5089999
960,9670000-9689999
903,9560000-9569999
960,4990000-4999999
962,7620000-7699999
903,4650000-4669999
906,4380000-4389999
909,4690000-4719999
960,4360000-4379999
961,8180000-8199999
961,8260000-8299999
961,9700000-9719999
968,2800000-2829999
903,4870000-4879999
906,4860000-4889999
960,4320000-4359999
962,6370000-6489999
963,1720000-1759999
964,0250000-0299999
964,0550000-0599999
963,3980000-3999999
910,7320000-7329999
910,7380000-7389999
910,7490000-7499999
910,2400000-2499999
910,2800000-2899999
910,3400000-3499999
980,5300000-5399999
980,2300000-2399999
919,2300000-2499999
919,1800000-1899999
980,2400000-2499999
910,0240000-0249999
910,0390000-0419999
980,5500000-5599999
910,7440000-7449999
910,7460000-7469999
915,5400000-5499999
915,5800000-5899999
980,3400000-3499999
980,5400000-5499999
919,2600000-2699999
910,7470000-7489999
910,3000000-3099999
910,2000000-2099999
910,2600000-2699999
915,5000000-5099999
980,7600000-7699999
919,0900000-0999999
980,3600000-3699999
919,2000000-2099999
910,0200000-0209999
910,0310000-0329999
910,0720000-0749999
919,2900000-2999999
980,3300000-3399999
980,3000000-3199999
910,7430000-7439999
910,7330000-7359999
910,3300000-3399999
910,0330000-0359999
980,2900000-2999999
910,2300000-2399999
910,2900000-2999999
915,5300000-5399999
915,8000000-8099999
919,1900000-1999999
910,0210000-0219999
918,7000000-7099999
988,8300000-8399999
919,4200000-4299999
918,8200000-8399999
988,8700000-8799999
989,7400000-7499999
989,1300000-1399999
989,0350000-0499999
911,0550000-0599999
911,5500000-5999999
911,6550000-6599999
911,6700000-6899999
911,8700000-8799999
981,5500000-5599999
981,5600000-5699999
981,5700000-5799999
911,0600000-0649999
911,3000000-3499999
911,8000000-8099999
981,3000000-3099999
981,3100000-3199999
981,3200000-3249999
911,6600000-6699999
911,0500000-0549999
911,4000000-4399999
981,4000000-4099999
981,4100000-4199999
981,3950000-3999999
981,4400000-4449999
911,4400000-4499999
911,5000000-5399999
911,0450000-0499999
981,4450000-4499999
981,4300000-4399999
981,4200000-4299999
981,5100000-5249999
911,0400000-0449999
911,6000000-6499999
981,6000000-6099999
981,6100000-6199999
911,0000000-0399999
911,0800000-2999999
911,7000000-7999999
911,8100000-8499999
911,9000000-9999999
981,7000000-7499999
981,9000000-9499999
981,1000000-1999999
981,9500000-9999999
981,2000000-2299999
981,7500000-7999999
981,8000000-8199999
981,8200000-8499999
981,8500000-8649999
981,6800000-6999999
981,8700000-8999999
912,0100000-0199999
982,1150000-1199999
912,0030000-0079999
982,7900000-7999999
914,0400000-0499999
914,0600000-0649999
914,5380000-5389999
914,5500000-6199999
914,3800000-3999999
914,5390000-5392999
988,5000000-5089999
988,2300000-2399999
918,9000000-9199999
988,1800000-1899999
988,2800000-2899999
988,4100000-4199999
989,7500000-7599999
989,1600000-1699999
918,1000000-1099999
918,2000000-2099999
918,3000000-3099999
918,4000000-4099999
918,0000000-0099999
918,6000000-6199999
918,2200000-2299999
918,4200000-4299999
918,9200000-9299999
988,4740000-4839999
988,0800000-0849999
989,1400000-1449999
989,1450000-1499999
989,3650000-3699999
988,5700000-5899999
988,8900000-8999999
919,8700000-8999999
918,5000000-5999999
988,5100000-5199999
988,5300000-5499999
988,9500000-9529999
988,9900000-9999999
989,7000000-7299999
989,6100000-6399999
989,5000000-5599999
989,4200000-4359999
988,5600000-5699999
988,2500000-2599999
918,8500000-8599999
918,8900000-8999999
988,5500000-5569999
988,9400000-9499999
987,2900000-2999999
917,2200000-2999999
917,3900000-3999999
917,8500000-9399999
919,6200000-6499999
919,6800000-6999999
987,0000000-0099999
987,0600000-0699999
986,7100000-7199999
986,7200000-7249999
986,9000000-9349999
987,2800000-2899999
987,2600000-2799999
987,2300000-2399999
987,2050000-2299999
987,4000000-4299999
987,1700000-1899999
914,1000000-1199999
914,2200000-2999999
984,1000000-1099999
984,1100000-1199999
914,3000000-3099999
914,8200000-8299999
984,1200000-1249999
983,5100000-5109999
983,0000000-0009999
983,0510000-0519999
983,0010000-0019999
983,0020000-0029999
983,0030000-0039999
983,0200000-0299999
913,2000000-2099999
913,4500000-4899999
983,3000000-3249999
983,5110000-5149999
913,7000000-7999999
913,8900000-9599999
913,0600000-0699999
983,1200000-1399999
913,9800000-9879999
913,9890000-9899999
913,0000000-0199999
913,3700000-3999999
983,0520000-0529999
983,0580000-0599999
913,6900000-6999999
913,9900000-9999999
983,3250000-3299999
983,5800000-5849999
912,2000000-2999999
912,6000000-6999999
919,3600000-3999999
912,0900000-0929999
912,0960000-0999999
912,0300000-0449999
912,0767000-0769999
912,0010000-0029999
982,7200000-7699999
912,0450000-0529999
982,6000000-6099999
912,0756000-0757999
982,6100000-6299999
982,6300000-6799999
982,6800000-7199999
914,1500000-2199999
914,5400000-5499999
914,7700000-7799999
914,4000000-4199999
914,3100000-3199999
914,4200000-4299999
914,3700000-3799999
984,1700000-1799999
984,2900000-2999999
984,2800000-2899999
913,0500000-0599999
983,1900000-1999999
913,4400000-4499999
913,5400000-5499999
983,2550000-2599999
983,2600000-2649999
983,2700000-2799999
983,3700000-3749999
983,3750000-3799999
983,5850000-5899999
983,0540000-0549999
983,0570000-0579999
913,1600000-1699999
913,8400000-8899999
913,8000000-8299999
913,1000000-1199999
983,2300000-2399999
983,3400000-3499999
983,5970000-5989999
983,0530000-0539999
983,0100000-0119999
983,6777000-6777999
917,3400000-3899999
917,4000000-4999999
917,7300000-8099999
919,1400000-1599999
919,6000000-6199999
917,0400000-0499999
987,0550000-0599999
987,0900000-0999999
986,7000000-7099999
986,9600000-9799999
987,5800000-5899999
987,4650000-4999999
987,1300000-1499999
987,1000000-1099999
987,0150000-0399999
987,0400000-0549999
987,2500000-2599999
987,5900000-5999999
987,6200000-6299999
989,9500000-9599999
987,2400000-2499999
987,6000000-6199999
961,8200000-8259999
963,3760000-3779999
960,4000000-4069999
903,4830000-4849999
905,4880000-4899999
963,1760000-1799999
906,1880000-1889999
906,4940000-4959999
909,4720000-4779999
962,7430000-7509999
963,3780000-3789999
966,7680000-7689999
995,8000000-8099999
995,8100000-8299999
900,3750000-3849999
902,5900000-5999999
900,3850000-3949999
902,4900000-4999999
900,3950000-4049999
900,4350000-4449999
900,4250000-4349999
900,6600000-6699999
900,4050000-4149999
900,4150000-4249999
958,5190000-5199999
928,0900000-0999999
928,2990000-2999999
928,6950000-6999999
928,7250000-7349999
928,7410000-7439999
928,7460000-7489999
938,0080000-0119999
938,0120000-0149999
999,4803000-4842999
928,7900000-7999999
928,9170000-9219999
928,9980000-9989999
938,8870000-8879999
929,8860000-8869999
938,0050000-0079999
958,5230000-5239999
900,4450000-4459999
901,1370000-1379999
901,9370000-9379999
963,2000000-2009999
958,3000000-3899999
958,4480000-4499999
958,9000000-9999999
999,7900000-7902999
958,5416800-5416999
999,7993000-7999999
958,5412200-5412399
999,7050000-7059999
958,5412400-5412599
999,7100000-7109999
958,5413000-5413199
999,7350000-7359999
958,5415200-5415399
999,1550000-1579999
999,1620000-1699999
999,1700000-1729999
999,1580000-1589999
999,1730000-1799999
958,5412000-5412199
999,6000000-6014999
958,5373000-5373199
999,6300000-6369999
999,6370000-6399999
958,5373200-5373399
999,6500000-6579999
958,5373800-5373999
999,7400000-7402999
958,5413600-5413799
999,7450000-7459999
999,7500000-7509999
958,5414400-5414599
999,7550000-7559999
958,5415400-5415599
999,7700000-7709999
958,5415800-5415999
999,7750000-7759999
999,2600000-2614999
958,5412600-5412799
999,1050000-1064999
958,5414200-5414399
999,1090000-1099999
958,5370700-5370899
999,1300000-1349999
999,1450000-1459999
958,5415000-5415199
999,1100000-1109999
958,5414600-5414799
999,1200000-1219999
999,1360000-1449999
958,5416000-5416199
999,1900000-1902999
999,1938000-1949999
958,5416600-5416799
999,1950000-1952999
999,1990000-1999999
999,1150000-1159999
958,5414800-5414999
999,1230000-1299999
999,4350000-4352999
999,5500000-5502999
999,5710000-5716999
978,9000000-9999999
978,6000000-6499999
